Date,MaxTemp,MinTemp,Rainfall,Latitude,Longitude,LocationName,Month,Week,Season,Monsoon,RollingRain7,RollingRain30,RollingTemp7,RollingTemp30
2021-07-30,27.4,19.4,0.6,12.97,77.59,Bengaluru,7,30,Monsoon,1,0.6,0.6,27.4,27.4
2021-07-31,28.3,19.2,1.0,12.97,77.59,Bengaluru,7,30,Monsoon,1,0.8,0.8,27.85,27.85
2021-08-01,27.8,19.4,0.5,12.97,77.59,Bengaluru,8,30,Monsoon,1,0.7,0.7,27.83,27.83
2021-08-02,27.5,18.7,1.0,12.97,77.59,Bengaluru,8,31,Monsoon,1,0.78,0.78,27.75,27.75
2021-08-03,28.1,19.6,0.9,12.97,77.59,Bengaluru,8,31,Monsoon,1,0.8,0.8,27.82,27.82
2021-08-04,27.5,19.7,2.1,12.97,77.59,Bengaluru,8,31,Monsoon,1,1.02,1.02,27.77,27.77
2021-08-05,27.8,19.2,4.9,12.97,77.59,Bengaluru,8,31,Monsoon,1,1.57,1.57,27.77,27.77
2021-08-06,28.0,19.8,2.3,12.97,77.59,Bengaluru,8,31,Monsoon,1,1.81,1.66,27.86,27.8
2021-08-07,27.9,20.0,5.9,12.97,77.59,Bengaluru,8,31,Monsoon,1,2.51,2.13,27.8,27.81
2021-08-08,28.3,19.7,4.0,12.97,77.59,Bengaluru,8,31,Monsoon,1,3.01,2.32,27.87,27.86
2021-08-09,28.2,20.1,1.3,12.97,77.59,Bengaluru,8,32,Monsoon,1,3.06,2.23,27.97,27.89
2021-08-10,27.7,20.1,3.8,12.97,77.59,Bengaluru,8,32,Monsoon,1,3.47,2.36,27.91,27.88
2021-08-11,27.8,19.7,7.9,12.97,77.59,Bengaluru,8,32,Monsoon,1,4.3,2.78,27.96,27.87
2021-08-12,26.6,20.1,8.8,12.97,77.59,Bengaluru,8,32,Monsoon,1,4.86,3.21,27.79,27.78
2021-08-13,28.0,19.6,7.2,12.97,77.59,Bengaluru,8,32,Monsoon,1,5.56,3.48,27.79,27.79
2021-08-14,27.0,19.1,1.4,12.97,77.59,Bengaluru,8,32,Monsoon,1,4.91,3.35,27.66,27.74
2021-08-15,26.6,18.7,0.9,12.97,77.59,Bengaluru,8,32,Monsoon,1,4.47,3.21,27.41,27.68
2021-08-16,26.6,19.5,1.5,12.97,77.59,Bengaluru,8,33,Monsoon,1,4.5,3.11,27.19,27.62
2021-08-17,25.3,19.4,1.3,12.97,77.59,Bengaluru,8,33,Monsoon,1,4.14,3.02,26.84,27.49
2021-08-18,27.4,19.5,3.3,12.97,77.59,Bengaluru,8,33,Monsoon,1,3.49,3.03,26.79,27.49
2021-08-19,26.3,20.0,0.2,12.97,77.59,Bengaluru,8,33,Monsoon,1,2.26,2.9,26.74,27.43
2021-08-20,28.2,19.0,0.4,12.97,77.59,Bengaluru,8,33,Monsoon,1,1.29,2.78,26.77,27.47
2021-08-21,26.8,19.8,1.3,12.97,77.59,Bengaluru,8,33,Monsoon,1,1.27,2.72,26.74,27.44
2021-08-22,27.2,19.2,20.7,12.97,77.59,Bengaluru,8,33,Monsoon,1,4.1,3.47,26.83,27.43
2021-08-23,26.9,19.1,11.8,12.97,77.59,Bengaluru,8,34,Monsoon,1,5.57,3.8,26.87,27.41
2021-08-24,27.8,18.9,2.8,12.97,77.59,Bengaluru,8,34,Monsoon,1,5.79,3.76,27.23,27.42
2021-08-25,27.3,19.8,9.7,12.97,77.59,Bengaluru,8,34,Monsoon,1,6.7,3.98,27.21,27.42
2021-08-26,27.9,19.9,8.0,12.97,77.59,Bengaluru,8,34,Monsoon,1,7.81,4.12,27.44,27.44
2021-08-27,26.7,20.4,30.8,12.97,77.59,Bengaluru,8,34,Monsoon,1,12.16,5.04,27.23,27.41
2021-08-28,24.7,20.2,7.4,12.97,77.59,Bengaluru,8,34,Monsoon,1,13.03,5.12,26.93,27.32
2021-08-29,25.2,19.9,32.8,12.97,77.59,Bengaluru,8,34,Monsoon,1,14.76,6.2,26.64,27.25
2021-08-30,26.4,19.4,0.7,12.97,77.59,Bengaluru,8,35,Monsoon,1,13.17,6.19,26.57,27.18
2021-08-31,27.9,19.1,0.0,12.97,77.59,Bengaluru,8,35,Monsoon,1,12.77,6.17,26.59,27.19
2021-09-01,27.6,19.4,1.4,12.97,77.59,Bengaluru,9,35,Monsoon,1,11.59,6.18,26.63,27.19
2021-09-02,27.4,19.7,14.6,12.97,77.59,Bengaluru,9,35,Monsoon,1,12.53,6.64,26.56,27.17
2021-09-03,25.3,19.8,12.7,12.97,77.59,Bengaluru,9,35,Monsoon,1,9.94,6.99,26.36,27.09
2021-09-04,24.7,19.5,16.3,12.97,77.59,Bengaluru,9,35,Monsoon,1,11.21,7.37,26.36,26.99
2021-09-05,25.5,19.4,13.7,12.97,77.59,Bengaluru,9,35,Monsoon,1,8.49,7.75,26.4,26.91
2021-09-06,24.5,19.8,2.6,12.97,77.59,Bengaluru,9,36,Monsoon,1,8.76,7.64,26.13,26.79
2021-09-07,25.6,19.1,2.1,12.97,77.59,Bengaluru,9,36,Monsoon,1,9.06,7.58,25.8,26.7
2021-09-08,27.3,19.7,2.0,12.97,77.59,Bengaluru,9,36,Monsoon,1,9.14,7.6,25.76,26.67
2021-09-09,27.5,19.1,1.0,12.97,77.59,Bengaluru,9,36,Monsoon,1,7.2,7.51,25.77,26.67
2021-09-10,27.4,18.8,0.3,12.97,77.59,Bengaluru,9,36,Monsoon,1,5.43,7.26,26.07,26.65
2021-09-11,27.1,19.4,1.0,12.97,77.59,Bengaluru,9,36,Monsoon,1,3.24,7.0,26.41,26.67
2021-09-12,25.5,19.7,4.8,12.97,77.59,Bengaluru,9,36,Monsoon,1,1.97,6.92,26.41,26.59
2021-09-13,27.2,19.9,1.7,12.97,77.59,Bengaluru,9,37,Monsoon,1,1.84,6.93,26.8,26.59
2021-09-14,28.0,20.3,1.0,12.97,77.59,Bengaluru,9,37,Monsoon,1,1.69,6.93,27.14,26.64
2021-09-15,28.1,19.2,1.6,12.97,77.59,Bengaluru,9,37,Monsoon,1,1.63,6.93,27.26,26.69
2021-09-16,27.7,19.3,0.6,12.97,77.59,Bengaluru,9,37,Monsoon,1,1.57,6.91,27.29,26.77
2021-09-17,28.6,19.4,0.1,12.97,77.59,Bengaluru,9,37,Monsoon,1,1.54,6.8,27.46,26.81
2021-09-18,28.3,19.1,0.0,12.97,77.59,Bengaluru,9,37,Monsoon,1,1.4,6.8,27.63,26.88
2021-09-19,28.9,20.4,4.1,12.97,77.59,Bengaluru,9,37,Monsoon,1,1.3,6.92,28.11,26.9
2021-09-20,27.9,20.2,1.4,12.97,77.59,Bengaluru,9,38,Monsoon,1,1.26,6.92,28.21,26.94
2021-09-21,28.4,20.1,1.0,12.97,77.59,Bengaluru,9,38,Monsoon,1,1.26,6.27,28.27,26.98
2021-09-22,27.9,19.6,1.7,12.97,77.59,Bengaluru,9,38,Monsoon,1,1.27,5.93,28.24,27.01
2021-09-23,28.5,19.9,1.9,12.97,77.59,Bengaluru,9,38,Monsoon,1,1.46,5.9,28.36,27.03
2021-09-24,28.2,19.9,5.7,12.97,77.59,Bengaluru,9,38,Monsoon,1,2.26,5.77,28.3,27.06
2021-09-25,27.6,19.7,7.5,12.97,77.59,Bengaluru,9,38,Monsoon,1,3.33,5.75,28.2,27.05
2021-09-26,27.6,19.6,3.7,12.97,77.59,Bengaluru,9,38,Monsoon,1,3.27,4.85,28.01,27.08
2021-09-27,26.7,19.6,5.9,12.97,77.59,Bengaluru,9,39,Monsoon,1,3.91,4.8,27.84,27.15
2021-09-28,27.0,19.0,0.5,12.97,77.59,Bengaluru,9,39,Monsoon,1,3.84,3.72,27.64,27.21
2021-09-29,27.5,18.8,0.4,12.97,77.59,Bengaluru,9,39,Monsoon,1,3.66,3.71,27.59,27.25
2021-09-30,26.5,19.1,5.7,12.97,77.59,Bengaluru,9,39,Monsoon,1,4.2,3.9,27.3,27.2
2021-10-01,27.7,19.5,12.3,12.97,77.59,Bengaluru,10,39,Post-Monsoon,0,5.14,4.26,27.23,27.2
2021-10-02,27.9,20.2,12.4,12.97,77.59,Bengaluru,10,39,Post-Monsoon,0,5.84,4.19,27.27,27.22
2021-10-03,28.2,20.6,2.0,12.97,77.59,Bengaluru,10,39,Post-Monsoon,0,5.6,3.83,27.36,27.32
2021-10-04,28.4,19.7,1.8,12.97,77.59,Bengaluru,10,40,Post-Monsoon,0,5.01,3.35,27.6,27.44
2021-10-05,28.3,19.8,5.3,12.97,77.59,Bengaluru,10,40,Post-Monsoon,0,5.7,3.07,27.79,27.53
2021-10-06,23.8,20.2,55.6,12.97,77.59,Bengaluru,10,40,Post-Monsoon,0,13.59,4.84,27.26,27.51
2021-10-07,27.6,19.5,5.5,12.97,77.59,Bengaluru,10,40,Post-Monsoon,0,13.56,4.95,27.41,27.58
2021-10-08,26.4,20.2,9.7,12.97,77.59,Bengaluru,10,40,Post-Monsoon,0,13.19,5.21,27.23,27.55
2021-10-09,25.5,19.9,9.9,12.97,77.59,Bengaluru,10,40,Post-Monsoon,0,12.83,5.5,26.89,27.48
2021-10-10,27.0,19.6,7.4,12.97,77.59,Bengaluru,10,40,Post-Monsoon,0,13.6,5.74,26.71,27.47
2021-10-11,26.0,19.5,17.7,12.97,77.59,Bengaluru,10,41,Post-Monsoon,0,15.87,6.3,26.37,27.43
2021-10-12,24.6,19.8,30.1,12.97,77.59,Bengaluru,10,41,Post-Monsoon,0,19.41,7.14,25.84,27.4
2021-10-13,25.6,19.5,10.9,12.97,77.59,Bengaluru,10,41,Post-Monsoon,0,13.03,7.45,26.1,27.35
2021-10-14,26.9,19.0,18.6,12.97,77.59,Bengaluru,10,41,Post-Monsoon,0,14.9,8.03,26.0,27.31
2021-10-15,27.3,19.1,13.9,12.97,77.59,Bengaluru,10,41,Post-Monsoon,0,15.5,8.44,26.13,27.28
2021-10-16,27.7,19.9,11.2,12.97,77.59,Bengaluru,10,41,Post-Monsoon,0,15.69,8.8,26.44,27.28
2021-10-17,27.4,19.7,5.5,12.97,77.59,Bengaluru,10,41,Post-Monsoon,0,15.41,8.98,26.5,27.24
2021-10-18,26.8,20.0,5.8,12.97,77.59,Bengaluru,10,42,Post-Monsoon,0,13.71,9.17,26.61,27.19
2021-10-19,26.8,19.6,0.7,12.97,77.59,Bengaluru,10,42,Post-Monsoon,0,9.51,9.06,26.93,27.12
2021-10-20,28.1,20.4,11.9,12.97,77.59,Bengaluru,10,42,Post-Monsoon,0,9.66,9.41,27.29,27.13
2021-10-21,28.1,19.3,7.0,12.97,77.59,Bengaluru,10,42,Post-Monsoon,0,8.0,9.61,27.46,27.12
2021-10-22,27.7,18.1,3.0,12.97,77.59,Bengaluru,10,42,Post-Monsoon,0,6.44,9.65,27.51,27.11
2021-10-23,27.5,18.8,9.5,12.97,77.59,Bengaluru,10,42,Post-Monsoon,0,6.2,9.9,27.49,27.08
2021-10-24,26.4,17.9,13.1,12.97,77.59,Bengaluru,10,42,Post-Monsoon,0,7.29,10.15,27.34,27.02
2021-10-25,26.8,18.0,0.9,12.97,77.59,Bengaluru,10,43,Post-Monsoon,0,6.59,9.93,27.34,26.99
2021-10-26,26.4,17.9,0.5,12.97,77.59,Bengaluru,10,43,Post-Monsoon,0,6.56,9.82,27.29,26.95
2021-10-27,26.8,18.1,0.0,12.97,77.59,Bengaluru,10,43,Post-Monsoon,0,4.86,9.63,27.1,26.96
2021-10-28,26.9,17.2,0.0,12.97,77.59,Bengaluru,10,43,Post-Monsoon,0,3.86,9.61,26.93,26.95
2021-10-29,26.0,18.7,7.1,12.97,77.59,Bengaluru,10,43,Post-Monsoon,0,4.44,9.83,26.69,26.9
2021-10-30,27.4,19.3,2.6,12.97,77.59,Bengaluru,10,43,Post-Monsoon,0,3.46,9.73,26.67,26.93
2021-10-31,27.3,19.2,4.6,12.97,77.59,Bengaluru,10,43,Post-Monsoon,0,2.24,9.47,26.8,26.92
2021-11-01,23.9,18.8,4.9,12.97,77.59,Bengaluru,11,44,Post-Monsoon,0,2.81,9.22,26.39,26.79
2021-11-02,25.5,19.4,0.5,12.97,77.59,Bengaluru,11,44,Post-Monsoon,0,2.81,9.17,26.26,26.7
2021-11-03,25.6,19.2,7.8,12.97,77.59,Bengaluru,11,44,Post-Monsoon,0,3.93,9.37,26.09,26.6
2021-11-04,26.6,19.4,2.8,12.97,77.59,Bengaluru,11,44,Post-Monsoon,0,4.33,9.29,26.04,26.55
2021-11-05,25.8,18.5,11.0,12.97,77.59,Bengaluru,11,44,Post-Monsoon,0,4.89,7.8,26.01,26.61
2021-11-06,26.3,18.8,0.5,12.97,77.59,Bengaluru,11,44,Post-Monsoon,0,4.59,7.64,25.86,26.57
2021-11-07,24.1,18.9,1.0,12.97,77.59,Bengaluru,11,44,Post-Monsoon,0,4.07,7.35,25.4,26.49
2021-11-08,24.3,19.1,3.6,12.97,77.59,Bengaluru,11,45,Post-Monsoon,0,3.89,7.14,25.46,26.45
2021-11-09,23.8,17.8,0.0,12.97,77.59,Bengaluru,11,45,Post-Monsoon,0,3.81,6.89,25.21,26.35
2021-11-10,22.3,17.2,1.9,12.97,77.59,Bengaluru,11,45,Post-Monsoon,0,2.97,6.36,24.74,26.22
2021-11-11,19.1,17.2,20.4,12.97,77.59,Bengaluru,11,45,Post-Monsoon,0,5.49,6.04,23.67,26.04
2021-11-12,23.6,17.6,5.7,12.97,77.59,Bengaluru,11,45,Post-Monsoon,0,4.73,5.87,23.36,25.97
2021-11-13,25.6,19.3,18.9,12.97,77.59,Bengaluru,11,45,Post-Monsoon,0,7.36,5.88,23.26,25.93
2021-11-14,25.6,19.0,11.9,12.97,77.59,Bengaluru,11,45,Post-Monsoon,0,8.91,5.81,23.47,25.87
2021-11-15,26.3,19.0,17.8,12.97,77.59,Bengaluru,11,46,Post-Monsoon,0,10.94,6.03,23.76,25.83
2021-11-16,25.7,19.6,25.4,12.97,77.59,Bengaluru,11,46,Post-Monsoon,0,14.57,6.69,24.03,25.77
2021-11-17,26.5,19.2,13.3,12.97,77.59,Bengaluru,11,46,Post-Monsoon,0,16.2,6.94,24.63,25.76
2021-11-18,21.1,19.4,69.6,12.97,77.59,Bengaluru,11,46,Post-Monsoon,0,23.23,9.24,24.91,25.57
2021-11-19,22.4,19.2,31.4,12.97,77.59,Bengaluru,11,46,Post-Monsoon,0,26.9,9.89,24.74,25.38
2021-11-20,24.8,19.7,7.5,12.97,77.59,Bengaluru,11,46,Post-Monsoon,0,25.27,9.91,24.63,25.27
2021-11-21,26.6,19.4,17.9,12.97,77.59,Bengaluru,11,46,Post-Monsoon,0,26.13,10.4,24.77,25.23
2021-11-22,26.4,18.4,8.8,12.97,77.59,Bengaluru,11,47,Post-Monsoon,0,24.84,10.38,24.79,25.2
2021-11-23,27.0,19.2,1.0,12.97,77.59,Bengaluru,11,47,Post-Monsoon,0,21.36,9.98,24.97,25.22
2021-11-24,26.5,18.6,0.4,12.97,77.59,Bengaluru,11,47,Post-Monsoon,0,19.51,9.96,24.97,25.21
2021-11-25,26.2,18.6,0.0,12.97,77.59,Bengaluru,11,47,Post-Monsoon,0,9.57,9.94,25.7,25.2
2021-11-26,25.5,18.0,0.0,12.97,77.59,Bengaluru,11,47,Post-Monsoon,0,5.09,9.94,26.14,25.16
2021-11-27,21.7,18.6,5.1,12.97,77.59,Bengaluru,11,47,Post-Monsoon,0,4.74,10.11,25.7,24.98
2021-11-28,23.9,19.4,4.4,12.97,77.59,Bengaluru,11,47,Post-Monsoon,0,2.81,10.02,25.31,24.91
2021-11-29,24.1,19.3,1.4,12.97,77.59,Bengaluru,11,48,Post-Monsoon,0,1.76,9.98,24.99,24.8
2021-11-30,25.0,19.3,1.4,12.97,77.59,Bengaluru,11,48,Post-Monsoon,0,1.81,9.88,24.7,24.73
2021-12-01,25.5,18.6,1.0,12.97,77.59,Bengaluru,12,48,Winter,0,1.9,9.75,24.56,24.78
2021-12-02,25.9,19.3,3.9,12.97,77.59,Bengaluru,12,48,Winter,0,2.46,9.86,24.51,24.79
2021-12-03,26.4,18.4,1.8,12.97,77.59,Bengaluru,12,48,Winter,0,2.71,9.66,24.64,24.82
2021-12-04,25.1,18.2,4.2,12.97,77.59,Bengaluru,12,48,Winter,0,2.59,9.71,25.13,24.77
2021-12-05,26.7,17.8,1.2,12.97,77.59,Bengaluru,12,48,Winter,0,2.13,9.38,25.53,24.8
2021-12-06,25.8,18.1,0.7,12.97,77.59,Bengaluru,12,49,Winter,0,2.03,9.39,25.77,24.78
2021-12-07,26.6,17.9,0.1,12.97,77.59,Bengaluru,12,49,Winter,0,1.84,9.36,26.0,24.87
2021-12-08,26.8,17.3,0.0,12.97,77.59,Bengaluru,12,49,Winter,0,1.7,9.24,26.19,24.95
2021-12-09,26.6,19.1,0.5,12.97,77.59,Bengaluru,12,49,Winter,0,1.21,9.25,26.29,25.04
2021-12-10,26.1,17.7,0.0,12.97,77.59,Bengaluru,12,49,Winter,0,0.96,9.19,26.24,25.17
2021-12-11,25.4,18.7,2.3,12.97,77.59,Bengaluru,12,49,Winter,0,0.69,8.59,26.29,25.38
2021-12-12,25.2,17.2,0.4,12.97,77.59,Bengaluru,12,49,Winter,0,0.57,8.41,26.07,25.43
2021-12-13,25.1,18.2,1.2,12.97,77.59,Bengaluru,12,50,Winter,0,0.64,7.82,25.97,25.42
2021-12-14,25.0,18.2,0.8,12.97,77.59,Bengaluru,12,50,Winter,0,0.74,7.45,25.74,25.4
2021-12-15,25.3,17.5,0.0,12.97,77.59,Bengaluru,12,50,Winter,0,0.74,6.86,25.53,25.36
2021-12-16,25.6,17.3,0.0,12.97,77.59,Bengaluru,12,50,Winter,0,0.67,6.01,25.39,25.36
2021-12-17,25.8,16.9,0.0,12.97,77.59,Bengaluru,12,50,Winter,0,0.67,5.57,25.34,25.34
2021-12-18,25.3,15.8,0.0,12.97,77.59,Bengaluru,12,50,Winter,0,0.34,3.25,25.33,25.48
2021-12-19,24.2,14.1,0.0,12.97,77.59,Bengaluru,12,50,Winter,0,0.29,2.2,25.19,25.54
2021-12-20,24.4,13.2,0.0,12.97,77.59,Bengaluru,12,51,Winter,0,0.11,1.95,25.09,25.52
2021-12-21,24.9,14.4,0.0,12.97,77.59,Bengaluru,12,51,Winter,0,0.0,1.35,25.07,25.47
2021-12-22,25.5,13.8,0.0,12.97,77.59,Bengaluru,12,51,Winter,0,0.0,1.06,25.1,25.44
2021-12-23,26.2,14.3,0.0,12.97,77.59,Bengaluru,12,51,Winter,0,0.0,1.03,25.19,25.41
2021-12-24,26.6,13.6,0.0,12.97,77.59,Bengaluru,12,51,Winter,0,0.0,1.01,25.3,25.41
2021-12-25,27.7,13.0,0.0,12.97,77.59,Bengaluru,12,51,Winter,0,0.0,1.01,25.64,25.46
2021-12-26,27.7,14.5,0.0,12.97,77.59,Bengaluru,12,51,Winter,0,0.0,1.01,26.14,25.54
2021-12-27,26.1,15.4,0.0,12.97,77.59,Bengaluru,12,52,Winter,0,0.0,0.84,26.39,25.68
2021-12-28,26.1,15.5,0.0,12.97,77.59,Bengaluru,12,52,Winter,0,0.0,0.7,26.56,25.76
2021-12-29,26.1,16.8,0.0,12.97,77.59,Bengaluru,12,52,Winter,0,0.0,0.65,26.64,25.82
2021-12-30,26.0,15.2,0.6,12.97,77.59,Bengaluru,12,52,Winter,0,0.09,0.62,26.61,25.86
2021-12-31,26.2,18.0,2.4,12.97,77.59,Bengaluru,12,52,Winter,0,0.43,0.67,26.56,25.88
2022-01-01,25.9,18.1,2.3,12.97,77.59,Bengaluru,1,52,Winter,0,0.76,0.62,26.3,25.88
2022-01-02,27.0,16.2,0.0,12.97,77.59,Bengaluru,1,52,Winter,0,0.76,0.56,26.2,25.9
2022-01-03,26.9,15.6,0.0,12.97,77.59,Bengaluru,1,1,Winter,0,0.76,0.42,26.31,25.96
2022-01-04,26.5,16.3,0.0,12.97,77.59,Bengaluru,1,1,Winter,0,0.76,0.38,26.37,25.95
2022-01-05,26.4,14.8,0.0,12.97,77.59,Bengaluru,1,1,Winter,0,0.76,0.35,26.41,25.97
2022-01-06,27.0,16.1,0.0,12.97,77.59,Bengaluru,1,1,Winter,0,0.67,0.35,26.56,25.99
2022-01-07,26.3,17.3,0.1,12.97,77.59,Bengaluru,1,1,Winter,0,0.34,0.35,26.57,25.97
2022-01-08,27.0,17.8,0.0,12.97,77.59,Bengaluru,1,1,Winter,0,0.01,0.34,26.73,25.98
2022-01-09,27.0,17.1,0.0,12.97,77.59,Bengaluru,1,1,Winter,0,0.01,0.34,26.73,26.01
2022-01-10,27.0,17.1,0.2,12.97,77.59,Bengaluru,1,2,Winter,0,0.04,0.27,26.74,26.07
2022-01-11,27.9,16.3,0.1,12.97,77.59,Bengaluru,1,2,Winter,0,0.06,0.26,26.94,26.16
2022-01-12,27.1,18.1,0.2,12.97,77.59,Bengaluru,1,2,Winter,0,0.09,0.22,27.04,26.22
2022-01-13,27.4,17.1,0.0,12.97,77.59,Bengaluru,1,2,Winter,0,0.09,0.2,27.1,26.3
2022-01-14,27.3,17.6,0.0,12.97,77.59,Bengaluru,1,2,Winter,0,0.07,0.2,27.24,26.37
2022-01-15,28.2,16.2,0.0,12.97,77.59,Bengaluru,1,2,Winter,0,0.07,0.2,27.41,26.46
2022-01-16,27.0,18.2,0.5,12.97,77.59,Bengaluru,1,2,Winter,0,0.14,0.21,27.41,26.5
2022-01-17,26.8,17.3,0.2,12.97,77.59,Bengaluru,1,3,Winter,0,0.14,0.22,27.39,26.55
2022-01-18,27.3,16.0,0.0,12.97,77.59,Bengaluru,1,3,Winter,0,0.13,0.22,27.3,26.65
2022-01-19,27.1,15.8,0.0,12.97,77.59,Bengaluru,1,3,Winter,0,0.1,0.22,27.3,26.74
2022-01-20,28.2,13.8,0.0,12.97,77.59,Bengaluru,1,3,Winter,0,0.1,0.22,27.41,26.85
2022-01-21,30.2,15.2,0.0,12.97,77.59,Bengaluru,1,3,Winter,0,0.1,0.22,27.83,27.01
2022-01-22,29.2,14.4,0.0,12.97,77.59,Bengaluru,1,3,Winter,0,0.1,0.22,27.97,27.11
2022-01-23,28.5,14.5,0.0,12.97,77.59,Bengaluru,1,3,Winter,0,0.03,0.22,28.19,27.17
2022-01-24,27.5,13.8,0.0,12.97,77.59,Bengaluru,1,4,Winter,0,0.0,0.22,28.29,27.16
2022-01-25,27.6,14.2,0.0,12.97,77.59,Bengaluru,1,4,Winter,0,0.0,0.22,28.33,27.16
2022-01-26,27.4,16.8,0.0,12.97,77.59,Bengaluru,1,4,Winter,0,0.0,0.22,28.37,27.2
2022-01-27,25.2,17.4,2.3,12.97,77.59,Bengaluru,1,4,Winter,0,0.33,0.3,27.94,27.17
2022-01-28,26.6,17.1,0.0,12.97,77.59,Bengaluru,1,4,Winter,0,0.33,0.3,27.43,27.19
2022-01-29,27.9,16.0,0.0,12.97,77.59,Bengaluru,1,4,Winter,0,0.33,0.28,27.24,27.25
2022-01-30,28.2,17.1,0.2,12.97,77.59,Bengaluru,1,4,Winter,0,0.36,0.2,27.2,27.32
2022-01-31,29.7,17.9,0.0,12.97,77.59,Bengaluru,1,5,Winter,0,0.36,0.13,27.51,27.45
2022-02-01,29.5,18.2,0.0,12.97,77.59,Bengaluru,2,5,Winter,0,0.36,0.13,27.79,27.53
2022-02-02,29.9,16.7,0.0,12.97,77.59,Bengaluru,2,5,Winter,0,0.36,0.13,28.14,27.63
2022-02-03,29.0,16.7,0.0,12.97,77.59,Bengaluru,2,5,Winter,0,0.03,0.13,28.69,27.71
2022-02-04,29.4,15.5,0.0,12.97,77.59,Bengaluru,2,5,Winter,0,0.03,0.13,29.09,27.81
2022-02-05,29.7,16.2,0.0,12.97,77.59,Bengaluru,2,5,Winter,0,0.03,0.13,29.34,27.9
2022-02-06,28.3,17.6,0.0,12.97,77.59,Bengaluru,2,5,Winter,0,0.0,0.12,29.36,27.97
2022-02-07,29.0,18.5,0.0,12.97,77.59,Bengaluru,2,6,Winter,0,0.0,0.12,29.26,28.04
2022-02-08,28.8,16.2,0.0,12.97,77.59,Bengaluru,2,6,Winter,0,0.0,0.12,29.16,28.1
2022-02-09,28.6,15.4,0.0,12.97,77.59,Bengaluru,2,6,Winter,0,0.0,0.12,28.97,28.15
2022-02-10,28.9,15.9,0.0,12.97,77.59,Bengaluru,2,6,Winter,0,0.0,0.11,28.96,28.18
2022-02-11,29.1,15.9,0.0,12.97,77.59,Bengaluru,2,6,Winter,0,0.0,0.11,28.91,28.25
2022-02-12,28.8,16.3,0.0,12.97,77.59,Bengaluru,2,6,Winter,0,0.0,0.11,28.79,28.3
2022-02-13,28.6,16.2,0.0,12.97,77.59,Bengaluru,2,6,Winter,0,0.0,0.11,28.83,28.34
2022-02-14,28.3,15.9,0.0,12.97,77.59,Bengaluru,2,7,Winter,0,0.0,0.11,28.73,28.34
2022-02-15,28.7,17.0,0.0,12.97,77.59,Bengaluru,2,7,Winter,0,0.0,0.09,28.71,28.4
2022-02-16,29.5,16.0,0.0,12.97,77.59,Bengaluru,2,7,Winter,0,0.0,0.08,28.84,28.49
2022-02-17,29.5,16.5,0.0,12.97,77.59,Bengaluru,2,7,Winter,0,0.0,0.08,28.93,28.56
2022-02-18,29.4,15.2,0.0,12.97,77.59,Bengaluru,2,7,Winter,0,0.0,0.08,28.97,28.64
2022-02-19,29.7,16.0,0.0,12.97,77.59,Bengaluru,2,7,Winter,0,0.0,0.08,29.1,28.69
2022-02-20,30.8,16.0,0.0,12.97,77.59,Bengaluru,2,7,Winter,0,0.0,0.08,29.41,28.71
2022-02-21,31.5,17.0,0.0,12.97,77.59,Bengaluru,2,8,Winter,0,0.0,0.08,29.87,28.79
2022-02-22,31.4,18.7,0.0,12.97,77.59,Bengaluru,2,8,Winter,0,0.0,0.08,30.26,28.88
2022-02-23,29.9,17.0,0.0,12.97,77.59,Bengaluru,2,8,Winter,0,0.0,0.08,30.31,28.96
2022-02-24,29.0,15.9,0.0,12.97,77.59,Bengaluru,2,8,Winter,0,0.0,0.08,30.24,29.01
2022-02-25,30.7,14.7,0.0,12.97,77.59,Bengaluru,2,8,Winter,0,0.0,0.08,30.43,29.12
2022-02-26,29.7,15.7,0.0,12.97,77.59,Bengaluru,2,8,Winter,0,0.0,0.01,30.43,29.27
2022-02-27,30.0,17.4,0.0,12.97,77.59,Bengaluru,2,8,Winter,0,0.0,0.01,30.31,29.38
2022-02-28,29.4,16.0,0.0,12.97,77.59,Bengaluru,2,9,Winter,0,0.0,0.01,30.01,29.43
2022-03-01,30.1,17.0,0.0,12.97,77.59,Bengaluru,3,9,Summer,0,0.0,0.0,29.83,29.5
2022-03-02,30.2,17.3,0.0,12.97,77.59,Bengaluru,3,9,Summer,0,0.0,0.0,29.87,29.51
2022-03-03,30.5,16.4,0.0,12.97,77.59,Bengaluru,3,9,Summer,0,0.0,0.0,30.09,29.55
2022-03-04,31.3,16.1,0.0,12.97,77.59,Bengaluru,3,9,Summer,0,0.0,0.0,30.17,29.59
2022-03-05,30.9,15.9,0.0,12.97,77.59,Bengaluru,3,9,Summer,0,0.0,0.0,30.34,29.66
2022-03-06,30.7,17.3,0.0,12.97,77.59,Bengaluru,3,9,Summer,0,0.0,0.0,30.44,29.7
2022-03-07,27.8,17.7,3.4,12.97,77.59,Bengaluru,3,10,Summer,0,0.49,0.11,30.21,29.64
2022-03-08,30.2,17.3,0.1,12.97,77.59,Bengaluru,3,10,Summer,0,0.5,0.12,30.23,29.7
2022-03-09,31.8,17.6,0.0,12.97,77.59,Bengaluru,3,10,Summer,0,0.5,0.12,30.46,29.79
2022-03-10,32.5,18.8,0.0,12.97,77.59,Bengaluru,3,10,Summer,0,0.5,0.12,30.74,29.92
2022-03-11,32.4,18.2,0.0,12.97,77.59,Bengaluru,3,10,Summer,0,0.5,0.12,30.9,30.04
2022-03-12,32.2,17.9,0.0,12.97,77.59,Bengaluru,3,10,Summer,0,0.5,0.12,31.09,30.15
2022-03-13,31.9,18.6,0.0,12.97,77.59,Bengaluru,3,10,Summer,0,0.5,0.12,31.26,30.25
2022-03-14,32.8,18.8,0.0,12.97,77.59,Bengaluru,3,11,Summer,0,0.01,0.12,31.97,30.38
2022-03-15,33.1,17.8,0.0,12.97,77.59,Bengaluru,3,11,Summer,0,0.0,0.12,32.39,30.53
2022-03-16,33.2,17.4,0.0,12.97,77.59,Bengaluru,3,11,Summer,0,0.0,0.12,32.59,30.69
2022-03-17,33.8,18.4,0.0,12.97,77.59,Bengaluru,3,11,Summer,0,0.0,0.12,32.77,30.86
2022-03-18,34.2,19.2,0.0,12.97,77.59,Bengaluru,3,11,Summer,0,0.0,0.12,33.03,31.02
2022-03-19,32.3,19.2,0.0,12.97,77.59,Bengaluru,3,11,Summer,0,0.0,0.12,33.04,31.11
2022-03-20,29.9,22.0,0.0,12.97,77.59,Bengaluru,3,11,Summer,0,0.0,0.12,32.76,31.13
2022-03-21,33.0,19.8,0.2,12.97,77.59,Bengaluru,3,12,Summer,0,0.03,0.12,32.79,31.24
2022-03-22,31.2,21.0,0.0,12.97,77.59,Bengaluru,3,12,Summer,0,0.03,0.12,32.51,31.25
2022-03-23,32.9,20.9,0.0,12.97,77.59,Bengaluru,3,12,Summer,0,0.03,0.12,32.47,31.3
2022-03-24,32.7,20.6,0.4,12.97,77.59,Bengaluru,3,12,Summer,0,0.09,0.14,32.31,31.34
2022-03-25,32.2,20.3,0.0,12.97,77.59,Bengaluru,3,12,Summer,0,0.09,0.14,32.03,31.42
2022-03-26,33.2,20.2,0.0,12.97,77.59,Bengaluru,3,12,Summer,0,0.09,0.14,32.16,31.56
2022-03-27,34.2,20.8,0.0,12.97,77.59,Bengaluru,3,12,Summer,0,0.09,0.14,32.77,31.68
2022-03-28,34.3,20.8,0.0,12.97,77.59,Bengaluru,3,13,Summer,0,0.06,0.14,32.96,31.83
2022-03-29,34.0,21.2,0.1,12.97,77.59,Bengaluru,3,13,Summer,0,0.07,0.14,33.36,31.96
2022-03-30,33.9,21.5,0.2,12.97,77.59,Bengaluru,3,13,Summer,0,0.1,0.15,33.5,32.11
2022-03-31,32.3,21.7,0.0,12.97,77.59,Bengaluru,3,13,Summer,0,0.04,0.15,33.44,32.19
2022-04-01,33.5,21.7,0.0,12.97,77.59,Bengaluru,4,13,Summer,0,0.04,0.15,33.63,32.3
2022-04-02,32.8,20.3,0.0,12.97,77.59,Bengaluru,4,13,Summer,0,0.04,0.15,33.57,32.37
2022-04-03,33.7,19.9,0.0,12.97,77.59,Bengaluru,4,13,Summer,0,0.04,0.15,33.5,32.45
2022-04-04,32.9,19.7,0.0,12.97,77.59,Bengaluru,4,14,Summer,0,0.04,0.15,33.3,32.52
2022-04-05,33.1,19.6,0.0,12.97,77.59,Bengaluru,4,14,Summer,0,0.03,0.15,33.17,32.6
2022-04-06,33.8,18.9,0.0,12.97,77.59,Bengaluru,4,14,Summer,0,0.0,0.03,33.16,32.8
2022-04-07,35.3,20.0,0.0,12.97,77.59,Bengaluru,4,14,Summer,0,0.0,0.03,33.59,32.97
2022-04-08,33.2,19.4,0.1,12.97,77.59,Bengaluru,4,14,Summer,0,0.01,0.03,33.54,33.02
2022-04-09,33.7,20.5,0.0,12.97,77.59,Bengaluru,4,14,Summer,0,0.01,0.03,33.67,33.06
2022-04-10,34.1,20.3,0.0,12.97,77.59,Bengaluru,4,14,Summer,0,0.01,0.03,33.73,33.11
2022-04-11,34.0,20.4,0.0,12.97,77.59,Bengaluru,4,15,Summer,0,0.01,0.03,33.89,33.17
2022-04-12,33.3,20.9,0.0,12.97,77.59,Bengaluru,4,15,Summer,0,0.01,0.03,33.91,33.22
2022-04-13,31.6,21.7,2.5,12.97,77.59,Bengaluru,4,15,Summer,0,0.37,0.12,33.6,33.18
2022-04-14,32.2,20.9,12.8,12.97,77.59,Bengaluru,4,15,Summer,0,2.2,0.54,33.16,33.15
2022-04-15,33.7,20.4,5.3,12.97,77.59,Bengaluru,4,15,Summer,0,2.94,0.72,33.23,33.17
2022-04-16,33.8,20.2,4.2,12.97,77.59,Bengaluru,4,15,Summer,0,3.54,0.86,33.24,33.17
2022-04-17,33.0,19.3,10.5,12.97,77.59,Bengaluru,4,15,Summer,0,5.04,1.21,33.09,33.13
2022-04-18,31.7,19.2,0.2,12.97,77.59,Bengaluru,4,16,Summer,0,5.07,1.22,32.76,33.11
2022-04-19,33.2,19.5,0.0,12.97,77.59,Bengaluru,4,16,Summer,0,5.07,1.22,32.74,33.22
2022-04-20,34.4,20.6,0.0,12.97,77.59,Bengaluru,4,16,Summer,0,4.71,1.21,33.14,33.26
2022-04-21,33.7,20.8,0.0,12.97,77.59,Bengaluru,4,16,Summer,0,2.89,1.21,33.36,33.35
2022-04-22,33.4,20.1,0.0,12.97,77.59,Bengaluru,4,16,Summer,0,2.13,1.21,33.31,33.36
2022-04-23,33.0,20.5,0.0,12.97,77.59,Bengaluru,4,16,Summer,0,1.53,1.2,33.2,33.37
2022-04-24,33.2,20.3,0.0,12.97,77.59,Bengaluru,4,16,Summer,0,0.03,1.2,33.23,33.41
2022-04-25,34.7,20.9,0.0,12.97,77.59,Bengaluru,4,17,Summer,0,0.0,1.2,33.66,33.46
2022-04-26,34.7,21.5,0.0,12.97,77.59,Bengaluru,4,17,Summer,0,0.0,1.2,33.87,33.47
2022-04-27,35.3,21.2,0.0,12.97,77.59,Bengaluru,4,17,Summer,0,0.0,1.2,34.0,33.51
2022-04-28,34.9,21.9,0.0,12.97,77.59,Bengaluru,4,17,Summer,0,0.0,1.19,34.17,33.54
2022-04-29,37.1,21.8,0.0,12.97,77.59,Bengaluru,4,17,Summer,0,0.0,1.19,34.7,33.64
2022-04-30,34.7,21.8,0.0,12.97,77.59,Bengaluru,4,17,Summer,0,0.0,1.19,34.94,33.72
2022-05-01,34.2,21.7,0.0,12.97,77.59,Bengaluru,5,17,Summer,0,0.0,1.19,35.09,33.75
2022-05-02,34.2,21.7,0.0,12.97,77.59,Bengaluru,5,18,Summer,0,0.0,1.19,35.01,33.79
2022-05-03,34.1,20.7,1.6,12.97,77.59,Bengaluru,5,18,Summer,0,0.23,1.24,34.93,33.81
2022-05-04,33.3,21.3,0.7,12.97,77.59,Bengaluru,5,18,Summer,0,0.33,1.26,34.64,33.82
2022-05-05,31.4,20.3,0.6,12.97,77.59,Bengaluru,5,18,Summer,0,0.41,1.28,34.14,33.76
2022-05-06,31.0,20.3,10.7,12.97,77.59,Bengaluru,5,18,Summer,0,1.94,1.64,33.27,33.67
2022-05-07,31.5,20.2,0.6,12.97,77.59,Bengaluru,5,18,Summer,0,2.03,1.66,32.81,33.54
2022-05-08,33.0,19.7,0.1,12.97,77.59,Bengaluru,5,18,Summer,0,2.04,1.66,32.64,33.54
2022-05-09,31.6,19.9,0.1,12.97,77.59,Bengaluru,5,19,Summer,0,2.06,1.66,32.27,33.47
2022-05-10,27.2,21.4,4.9,12.97,77.59,Bengaluru,5,19,Summer,0,2.53,1.83,31.29,33.24
2022-05-11,25.5,20.8,0.4,12.97,77.59,Bengaluru,5,19,Summer,0,2.49,1.84,30.17,32.95
2022-05-12,24.8,20.3,20.6,12.97,77.59,Bengaluru,5,19,Summer,0,5.34,2.53,29.23,32.67
2022-05-13,27.3,20.2,18.1,12.97,77.59,Bengaluru,5,19,Summer,0,6.4,3.05,28.7,32.53
2022-05-14,28.8,20.3,14.6,12.97,77.59,Bengaluru,5,19,Summer,0,8.4,3.11,28.31,32.41
2022-05-15,29.2,20.8,17.3,12.97,77.59,Bengaluru,5,19,Summer,0,10.86,3.51,27.77,32.26
2022-05-16,27.6,21.0,25.1,12.97,77.59,Bengaluru,5,20,Summer,0,14.43,4.2,27.2,32.06
2022-05-17,28.0,20.7,18.0,12.97,77.59,Bengaluru,5,20,Summer,0,16.3,4.45,27.31,31.89
2022-05-18,27.3,20.5,13.4,12.97,77.59,Bengaluru,5,20,Summer,0,18.16,4.89,27.57,31.74
2022-05-19,24.6,19.2,0.9,12.97,77.59,Bengaluru,5,20,Summer,0,15.34,4.92,27.54,31.46
2022-05-20,26.2,18.5,4.9,12.97,77.59,Bengaluru,5,20,Summer,0,13.46,5.09,27.39,31.18
2022-05-21,26.9,19.3,0.5,12.97,77.59,Bengaluru,5,20,Summer,0,11.44,5.1,27.11,30.96
2022-05-22,27.8,19.8,0.6,12.97,77.59,Bengaluru,5,20,Summer,0,9.06,5.12,26.91,30.77
2022-05-23,29.5,19.7,0.3,12.97,77.59,Bengaluru,5,21,Summer,0,5.51,5.13,27.19,30.65
2022-05-24,29.5,20.2,0.4,12.97,77.59,Bengaluru,5,21,Summer,0,3.0,5.15,27.4,30.53
2022-05-25,29.6,20.5,0.5,12.97,77.59,Bengaluru,5,21,Summer,0,1.16,5.16,27.73,30.36
2022-05-26,29.5,19.9,3.6,12.97,77.59,Bengaluru,5,21,Summer,0,1.54,5.28,28.43,30.19
2022-05-27,29.4,19.9,0.1,12.97,77.59,Bengaluru,5,21,Summer,0,0.86,5.29,28.89,29.99
2022-05-28,29.5,19.2,0.3,12.97,77.59,Bengaluru,5,21,Summer,0,0.83,5.3,29.26,29.81
2022-05-29,29.7,19.5,0.0,12.97,77.59,Bengaluru,5,21,Summer,0,0.74,5.3,29.53,29.56
2022-05-30,29.9,19.5,6.2,12.97,77.59,Bengaluru,5,22,Summer,0,1.59,5.5,29.59,29.4
2022-05-31,29.4,19.3,2.1,12.97,77.59,Bengaluru,5,22,Summer,0,1.83,5.57,29.57,29.24
2022-06-01,29.2,19.4,4.8,12.97,77.59,Bengaluru,6,22,Monsoon,1,2.44,5.73,29.51,29.08
2022-06-02,29.5,19.5,0.5,12.97,77.59,Bengaluru,6,22,Monsoon,1,2.0,5.7,29.51,28.92
2022-06-03,29.8,19.7,8.7,12.97,77.59,Bengaluru,6,22,Monsoon,1,3.23,5.96,29.57,28.81
2022-06-04,31.4,19.8,9.4,12.97,77.59,Bengaluru,6,22,Monsoon,1,4.53,6.26,29.84,28.81
2022-06-05,30.3,20.3,15.1,12.97,77.59,Bengaluru,6,22,Monsoon,1,6.69,6.4,29.93,28.78
2022-06-06,29.1,19.9,7.4,12.97,77.59,Bengaluru,6,23,Monsoon,1,6.86,6.63,29.81,28.7
2022-06-07,27.3,19.9,1.3,12.97,77.59,Bengaluru,6,23,Monsoon,1,6.74,6.67,29.51,28.51
2022-06-08,29.4,19.9,0.4,12.97,77.59,Bengaluru,6,23,Monsoon,1,6.11,6.68,29.54,28.44
2022-06-09,29.6,20.0,0.7,12.97,77.59,Bengaluru,6,23,Monsoon,1,6.14,6.54,29.56,28.52
2022-06-10,29.0,19.4,1.8,12.97,77.59,Bengaluru,6,23,Monsoon,1,5.16,6.59,29.44,28.64
2022-06-11,28.5,19.3,1.6,12.97,77.59,Bengaluru,6,23,Monsoon,1,4.04,5.95,29.03,28.76
2022-06-12,28.4,19.3,11.0,12.97,77.59,Bengaluru,6,23,Monsoon,1,3.46,5.72,28.76,28.8
2022-06-13,28.8,19.3,0.1,12.97,77.59,Bengaluru,6,24,Monsoon,1,2.41,5.23,28.71,28.8
2022-06-14,29.3,19.5,11.8,12.97,77.59,Bengaluru,6,24,Monsoon,1,3.91,5.05,29.0,28.8
2022-06-15,27.7,20.6,0.5,12.97,77.59,Bengaluru,6,24,Monsoon,1,3.93,4.23,28.76,28.8
2022-06-16,28.7,20.0,10.2,12.97,77.59,Bengaluru,6,24,Monsoon,1,5.29,3.97,28.63,28.83
2022-06-17,28.2,19.5,7.7,12.97,77.59,Bengaluru,6,24,Monsoon,1,6.13,3.78,28.51,28.86
2022-06-18,26.7,19.5,24.1,12.97,77.59,Bengaluru,6,24,Monsoon,1,9.34,4.55,28.26,28.93
2022-06-19,27.6,20.0,3.0,12.97,77.59,Bengaluru,6,24,Monsoon,1,8.2,4.49,28.14,28.97
2022-06-20,28.0,19.2,1.7,12.97,77.59,Bengaluru,6,25,Monsoon,1,8.43,4.53,28.03,29.01
2022-06-21,27.0,19.8,7.1,12.97,77.59,Bengaluru,6,25,Monsoon,1,7.76,4.75,27.7,28.98
2022-06-22,26.2,19.9,0.9,12.97,77.59,Bengaluru,6,25,Monsoon,1,7.81,4.77,27.49,28.87
2022-06-23,26.8,19.7,0.9,12.97,77.59,Bengaluru,6,25,Monsoon,1,6.49,4.78,27.21,28.78
2022-06-24,27.5,19.4,1.2,12.97,77.59,Bengaluru,6,25,Monsoon,1,5.56,4.81,27.11,28.71
2022-06-25,27.9,19.6,10.2,12.97,77.59,Bengaluru,6,25,Monsoon,1,3.57,5.03,27.29,28.66
2022-06-26,27.2,20.2,1.0,12.97,77.59,Bengaluru,6,25,Monsoon,1,3.29,5.06,27.23,28.59
2022-06-27,27.9,19.7,0.5,12.97,77.59,Bengaluru,6,26,Monsoon,1,3.11,5.06,27.21,28.53
2022-06-28,27.4,19.5,1.0,12.97,77.59,Bengaluru,6,26,Monsoon,1,2.24,5.1,27.27,28.46
2022-06-29,27.7,19.9,3.0,12.97,77.59,Bengaluru,6,26,Monsoon,1,2.54,4.99,27.49,28.38
2022-06-30,27.7,19.5,13.3,12.97,77.59,Bengaluru,6,26,Monsoon,1,4.31,5.36,27.61,28.33
2022-07-01,27.3,19.6,6.3,12.97,77.59,Bengaluru,7,26,Monsoon,1,5.04,5.41,27.59,28.26
2022-07-02,28.2,19.7,3.4,12.97,77.59,Bengaluru,7,26,Monsoon,1,4.07,5.51,27.63,28.22
2022-07-03,28.1,20.0,4.9,12.97,77.59,Bengaluru,7,26,Monsoon,1,4.63,5.38,27.76,28.16
2022-07-04,25.3,20.3,1.7,12.97,77.59,Bengaluru,7,27,Monsoon,1,4.8,5.13,27.39,27.96
2022-07-05,24.1,19.8,10.3,12.97,77.59,Bengaluru,7,27,Monsoon,1,6.13,4.97,26.91,27.75
2022-07-06,24.9,19.7,3.6,12.97,77.59,Bengaluru,7,27,Monsoon,1,6.21,4.84,26.51,27.61
2022-07-07,24.1,19.8,15.2,12.97,77.59,Bengaluru,7,27,Monsoon,1,6.49,5.3,26.0,27.51
2022-07-08,26.2,19.6,1.4,12.97,77.59,Bengaluru,7,27,Monsoon,1,5.79,5.34,25.84,27.4
2022-07-09,23.7,19.5,11.4,12.97,77.59,Bengaluru,7,27,Monsoon,1,6.93,5.69,25.2,27.2
2022-07-10,25.0,19.5,4.1,12.97,77.59,Bengaluru,7,27,Monsoon,1,6.81,5.77,24.76,27.07
2022-07-11,24.1,19.3,5.0,12.97,77.59,Bengaluru,7,28,Monsoon,1,7.29,5.88,24.59,26.92
2022-07-12,26.1,19.0,0.9,12.97,77.59,Bengaluru,7,28,Monsoon,1,5.94,5.55,24.87,26.85
2022-07-13,26.3,19.7,3.3,12.97,77.59,Bengaluru,7,28,Monsoon,1,5.9,5.65,25.07,26.76
2022-07-14,26.2,19.6,5.3,12.97,77.59,Bengaluru,7,28,Monsoon,1,4.49,5.44,25.37,26.66
2022-07-15,27.0,19.7,1.7,12.97,77.59,Bengaluru,7,28,Monsoon,1,4.53,5.48,25.49,26.64
2022-07-16,27.2,19.7,7.2,12.97,77.59,Bengaluru,7,28,Monsoon,1,3.93,5.38,25.99,26.59
2022-07-17,27.7,19.8,5.0,12.97,77.59,Bengaluru,7,28,Monsoon,1,4.06,5.29,26.37,26.57
2022-07-18,26.8,20.1,5.0,12.97,77.59,Bengaluru,7,29,Monsoon,1,4.06,4.65,26.76,26.57
2022-07-19,27.5,18.9,1.8,12.97,77.59,Bengaluru,7,29,Monsoon,1,4.19,4.61,26.96,26.57
2022-07-20,28.7,19.8,18.6,12.97,77.59,Bengaluru,7,29,Monsoon,1,6.37,5.17,27.3,26.59
2022-07-21,28.0,20.0,10.0,12.97,77.59,Bengaluru,7,29,Monsoon,1,7.04,5.27,27.56,26.63
2022-07-22,26.9,20.0,12.9,12.97,77.59,Bengaluru,7,29,Monsoon,1,8.64,5.67,27.54,26.65
2022-07-23,27.0,19.3,1.6,12.97,77.59,Bengaluru,7,29,Monsoon,1,7.84,5.69,27.51,26.66
2022-07-24,26.3,18.7,1.7,12.97,77.59,Bengaluru,7,29,Monsoon,1,7.37,5.71,27.31,26.62
2022-07-25,27.4,18.7,0.3,12.97,77.59,Bengaluru,7,30,Monsoon,1,6.7,5.38,27.4,26.6
2022-07-26,26.9,19.1,2.5,12.97,77.59,Bengaluru,7,30,Monsoon,1,6.8,5.43,27.31,26.59
2022-07-27,28.4,18.3,5.6,12.97,77.59,Bengaluru,7,30,Monsoon,1,4.94,5.6,27.27,26.61
2022-07-28,28.0,19.1,4.9,12.97,77.59,Bengaluru,7,30,Monsoon,1,4.21,5.73,27.27,26.63
2022-07-29,29.0,18.7,5.0,12.97,77.59,Bengaluru,7,30,Monsoon,1,3.09,5.8,27.57,26.67
2022-07-30,28.3,18.9,12.7,12.97,77.59,Bengaluru,7,30,Monsoon,1,4.67,5.78,27.76,26.69
2022-07-31,28.2,19.3,9.9,12.97,77.59,Bengaluru,7,30,Monsoon,1,5.84,5.9,28.03,26.72
2022-08-01,27.9,19.9,39.6,12.97,77.59,Bengaluru,8,31,Monsoon,1,11.46,7.1,28.1,26.71
2022-08-02,27.6,19.7,25.0,12.97,77.59,Bengaluru,8,31,Monsoon,1,14.67,7.77,28.2,26.69
2022-08-03,26.8,19.2,17.7,12.97,77.59,Bengaluru,8,31,Monsoon,1,16.4,8.31,27.97,26.74
2022-08-04,25.0,19.7,17.6,12.97,77.59,Bengaluru,8,31,Monsoon,1,18.21,8.55,27.54,26.77
2022-08-05,23.2,19.7,24.2,12.97,77.59,Bengaluru,8,31,Monsoon,1,20.96,9.24,26.71,26.72
2022-08-06,25.0,19.6,5.2,12.97,77.59,Bengaluru,8,31,Monsoon,1,19.89,8.9,26.24,26.75
2022-08-07,24.0,20.0,5.2,12.97,77.59,Bengaluru,8,31,Monsoon,1,19.21,9.03,25.64,26.67
2022-08-08,25.9,19.8,3.7,12.97,77.59,Bengaluru,8,32,Monsoon,1,14.09,8.77,25.36,26.75
2022-08-09,26.4,19.9,0.9,12.97,77.59,Bengaluru,8,32,Monsoon,1,10.64,8.67,25.19,26.79
2022-08-10,26.5,19.4,2.5,12.97,77.59,Bengaluru,8,32,Monsoon,1,8.47,8.58,25.14,26.87
2022-08-11,27.2,19.4,1.7,12.97,77.59,Bengaluru,8,32,Monsoon,1,6.2,8.61,25.46,26.91
2022-08-12,26.7,20.0,1.0,12.97,77.59,Bengaluru,8,32,Monsoon,1,2.89,8.53,25.96,26.92
2022-08-13,27.4,19.2,0.5,12.97,77.59,Bengaluru,8,32,Monsoon,1,2.21,8.37,26.3,26.96
2022-08-14,26.2,18.7,0.0,12.97,77.59,Bengaluru,8,32,Monsoon,1,1.47,8.32,26.61,26.94
2022-08-15,27.6,18.3,0.0,12.97,77.59,Bengaluru,8,33,Monsoon,1,0.94,8.08,26.86,26.95
2022-08-16,27.7,18.6,0.3,12.97,77.59,Bengaluru,8,33,Monsoon,1,0.86,7.92,27.04,26.95
2022-08-17,28.0,18.6,0.2,12.97,77.59,Bengaluru,8,33,Monsoon,1,0.53,7.76,27.26,26.99
2022-08-18,28.3,19.3,0.9,12.97,77.59,Bengaluru,8,33,Monsoon,1,0.41,7.73,27.41,27.02
2022-08-19,27.6,19.9,0.3,12.97,77.59,Bengaluru,8,33,Monsoon,1,0.31,7.12,27.54,26.98
2022-08-20,27.1,19.1,0.3,12.97,77.59,Bengaluru,8,33,Monsoon,1,0.29,6.8,27.5,26.95
2022-08-21,26.0,19.3,3.6,12.97,77.59,Bengaluru,8,33,Monsoon,1,0.8,6.49,27.47,26.92
2022-08-22,27.3,19.4,4.4,12.97,77.59,Bengaluru,8,34,Monsoon,1,1.43,6.58,27.43,26.93
2022-08-23,27.5,19.3,3.2,12.97,77.59,Bengaluru,8,34,Monsoon,1,1.84,6.63,27.4,26.97
2022-08-24,25.8,19.2,8.0,12.97,77.59,Bengaluru,8,34,Monsoon,1,2.96,6.89,27.09,26.92
2022-08-25,26.7,19.2,9.3,12.97,77.59,Bengaluru,8,34,Monsoon,1,4.16,7.11,26.86,26.91
2022-08-26,26.1,19.1,20.2,12.97,77.59,Bengaluru,8,34,Monsoon,1,7.0,7.6,26.64,26.83
2022-08-27,27.4,19.4,16.7,12.97,77.59,Bengaluru,8,34,Monsoon,1,9.34,7.99,26.69,26.81
2022-08-28,27.0,19.3,4.2,12.97,77.59,Bengaluru,8,34,Monsoon,1,9.43,7.97,26.83,26.75
2022-08-29,27.2,19.2,17.3,12.97,77.59,Bengaluru,8,35,Monsoon,1,11.27,8.12,26.81,26.71
2022-08-30,28.0,19.3,9.3,12.97,77.59,Bengaluru,8,35,Monsoon,1,12.14,8.1,26.89,26.7
2022-08-31,27.5,19.5,5.2,12.97,77.59,Bengaluru,8,35,Monsoon,1,11.74,6.95,27.13,26.69
2022-09-01,27.1,19.5,12.5,12.97,77.59,Bengaluru,9,35,Monsoon,1,12.2,6.54,27.19,26.67
2022-09-02,27.6,19.1,1.4,12.97,77.59,Bengaluru,9,35,Monsoon,1,9.51,5.99,27.4,26.7
2022-09-03,27.9,19.0,1.6,12.97,77.59,Bengaluru,9,35,Monsoon,1,7.36,5.46,27.47,26.8
2022-09-04,28.5,19.0,11.8,12.97,77.59,Bengaluru,9,35,Monsoon,1,8.44,5.05,27.69,26.97
2022-09-05,28.7,19.3,5.8,12.97,77.59,Bengaluru,9,36,Monsoon,1,6.8,5.07,27.9,27.1
2022-09-06,27.6,18.3,12.7,12.97,77.59,Bengaluru,9,36,Monsoon,1,7.29,5.32,27.84,27.22
2022-09-07,26.3,19.8,8.1,12.97,77.59,Bengaluru,9,36,Monsoon,1,7.7,5.46,27.67,27.23
2022-09-08,23.5,19.6,7.3,12.97,77.59,Bengaluru,9,36,Monsoon,1,6.96,5.68,27.16,27.13
2022-09-09,26.2,19.4,3.0,12.97,77.59,Bengaluru,9,36,Monsoon,1,7.19,5.69,26.96,27.12
2022-09-10,26.7,19.9,8.9,12.97,77.59,Bengaluru,9,36,Monsoon,1,8.23,5.93,26.79,27.11
2022-09-11,26.9,19.5,2.6,12.97,77.59,Bengaluru,9,36,Monsoon,1,6.91,5.99,26.56,27.11
2022-09-12,27.0,19.5,0.8,12.97,77.59,Bengaluru,9,37,Monsoon,1,6.2,6.0,26.31,27.1
2022-09-13,27.0,18.6,1.2,12.97,77.59,Bengaluru,9,37,Monsoon,1,4.56,6.04,26.23,27.13
2022-09-14,27.1,19.4,1.2,12.97,77.59,Bengaluru,9,37,Monsoon,1,3.57,6.08,26.34,27.11
2022-09-15,26.4,18.7,0.8,12.97,77.59,Bengaluru,9,37,Monsoon,1,2.64,6.09,26.76,27.07
2022-09-16,27.5,18.3,0.1,12.97,77.59,Bengaluru,9,37,Monsoon,1,2.23,6.09,26.94,27.05
2022-09-17,27.2,18.6,0.4,12.97,77.59,Bengaluru,9,37,Monsoon,1,1.01,6.07,27.01,27.01
2022-09-18,27.2,18.5,0.4,12.97,77.59,Bengaluru,9,37,Monsoon,1,0.7,6.08,27.06,27.0
2022-09-19,27.4,18.9,0.4,12.97,77.59,Bengaluru,9,38,Monsoon,1,0.64,6.08,27.11,27.01
2022-09-20,27.3,17.5,0.1,12.97,77.59,Bengaluru,9,38,Monsoon,1,0.49,5.96,27.16,27.05
2022-09-21,27.0,17.9,0.9,12.97,77.59,Bengaluru,9,38,Monsoon,1,0.44,5.85,27.14,27.04
2022-09-22,27.5,18.3,0.0,12.97,77.59,Bengaluru,9,38,Monsoon,1,0.33,5.74,27.3,27.04
2022-09-23,27.1,17.5,0.4,12.97,77.59,Bengaluru,9,38,Monsoon,1,0.37,5.49,27.24,27.09
2022-09-24,28.0,18.2,1.6,12.97,77.59,Bengaluru,9,38,Monsoon,1,0.54,5.23,27.36,27.13
2022-09-25,27.8,18.3,0.6,12.97,77.59,Bengaluru,9,38,Monsoon,1,0.57,4.58,27.44,27.19
2022-09-26,26.4,19.4,3.0,12.97,77.59,Bengaluru,9,39,Monsoon,1,0.94,4.12,27.3,27.15
2022-09-27,27.6,19.9,1.2,12.97,77.59,Bengaluru,9,39,Monsoon,1,1.1,4.02,27.34,27.17
2022-09-28,27.9,19.9,0.3,12.97,77.59,Bengaluru,9,39,Monsoon,1,1.01,3.45,27.47,27.2
2022-09-29,27.9,18.8,0.0,12.97,77.59,Bengaluru,9,39,Monsoon,1,1.01,3.14,27.53,27.19
2022-09-30,24.9,18.7,8.1,12.97,77.59,Bengaluru,9,39,Monsoon,1,2.11,3.24,27.21,27.11
2022-10-01,22.9,19.5,6.0,12.97,77.59,Bengaluru,10,39,Post-Monsoon,0,2.74,3.02,26.49,26.97
2022-10-02,26.9,19.5,0.9,12.97,77.59,Bengaluru,10,39,Post-Monsoon,0,2.79,3.01,26.36,26.94
2022-10-03,26.8,18.6,0.7,12.97,77.59,Bengaluru,10,40,Post-Monsoon,0,2.46,2.98,26.41,26.91
2022-10-04,26.8,18.5,0.2,12.97,77.59,Bengaluru,10,40,Post-Monsoon,0,2.31,2.59,26.3,26.85
2022-10-05,27.3,19.0,1.2,12.97,77.59,Bengaluru,10,40,Post-Monsoon,0,2.44,2.44,26.21,26.8
2022-10-06,25.7,19.1,5.5,12.97,77.59,Bengaluru,10,40,Post-Monsoon,0,3.23,2.2,25.9,26.74
2022-10-07,26.8,17.7,1.1,12.97,77.59,Bengaluru,10,40,Post-Monsoon,0,2.23,1.96,26.17,26.76
2022-10-08,27.0,16.5,0.1,12.97,77.59,Bengaluru,10,40,Post-Monsoon,0,1.39,1.72,26.76,26.87
2022-10-09,26.1,18.8,15.9,12.97,77.59,Bengaluru,10,40,Post-Monsoon,0,3.53,2.15,26.64,26.87
2022-10-10,26.8,19.3,9.7,12.97,77.59,Bengaluru,10,41,Post-Monsoon,0,4.81,2.18,26.64,26.87
2022-10-11,25.9,19.7,6.5,12.97,77.59,Bengaluru,10,41,Post-Monsoon,0,5.71,2.31,26.51,26.84
2022-10-12,26.1,18.8,23.6,12.97,77.59,Bengaluru,10,41,Post-Monsoon,0,8.91,3.07,26.34,26.81
2022-10-13,26.4,18.7,21.9,12.97,77.59,Bengaluru,10,41,Post-Monsoon,0,11.26,3.76,26.44,26.79
2022-10-14,26.5,19.0,8.2,12.97,77.59,Bengaluru,10,41,Post-Monsoon,0,12.27,3.99,26.4,26.77
2022-10-15,27.4,18.8,7.8,12.97,77.59,Bengaluru,10,41,Post-Monsoon,0,13.37,4.23,26.46,26.8
2022-10-16,26.6,18.9,17.1,12.97,77.59,Bengaluru,10,41,Post-Monsoon,0,13.54,4.79,26.53,26.77
2022-10-17,27.3,19.5,2.7,12.97,77.59,Bengaluru,10,42,Post-Monsoon,0,12.54,4.87,26.6,26.78
2022-10-18,26.4,19.0,2.9,12.97,77.59,Bengaluru,10,42,Post-Monsoon,0,12.03,4.95,26.67,26.75
2022-10-19,27.2,18.2,6.5,12.97,77.59,Bengaluru,10,42,Post-Monsoon,0,9.59,5.16,26.83,26.74
2022-10-20,26.9,18.2,10.7,12.97,77.59,Bengaluru,10,42,Post-Monsoon,0,7.99,5.51,26.9,26.73
2022-10-21,27.1,18.1,2.7,12.97,77.59,Bengaluru,10,42,Post-Monsoon,0,7.2,5.57,26.99,26.73
2022-10-22,26.8,17.5,0.0,12.97,77.59,Bengaluru,10,42,Post-Monsoon,0,6.09,5.57,26.9,26.71
2022-10-23,25.7,16.1,0.0,12.97,77.59,Bengaluru,10,42,Post-Monsoon,0,3.64,5.56,26.77,26.66
2022-10-24,25.0,14.9,0.0,12.97,77.59,Bengaluru,10,43,Post-Monsoon,0,3.26,5.5,26.44,26.56
2022-10-25,25.1,13.8,0.0,12.97,77.59,Bengaluru,10,43,Post-Monsoon,0,2.84,5.48,26.26,26.47
2022-10-26,25.6,14.6,0.0,12.97,77.59,Bengaluru,10,43,Post-Monsoon,0,1.91,5.38,26.03,26.45
2022-10-27,27.1,15.4,0.0,12.97,77.59,Bengaluru,10,43,Post-Monsoon,0,0.39,5.34,26.06,26.43
2022-10-28,25.9,17.2,0.3,12.97,77.59,Bengaluru,10,43,Post-Monsoon,0,0.04,5.34,25.89,26.36
2022-10-29,26.0,18.1,1.0,12.97,77.59,Bengaluru,10,43,Post-Monsoon,0,0.19,5.38,25.77,26.3
2022-10-30,25.9,18.4,1.5,12.97,77.59,Bengaluru,10,43,Post-Monsoon,0,0.4,5.16,25.8,26.33
2022-10-31,26.4,17.7,0.0,12.97,77.59,Bengaluru,10,44,Post-Monsoon,0,0.4,4.96,26.0,26.45
2022-11-01,24.6,17.1,14.0,12.97,77.59,Bengaluru,11,44,Post-Monsoon,0,2.4,5.39,25.93,26.37
2022-11-02,23.7,17.5,9.9,12.97,77.59,Bengaluru,11,44,Post-Monsoon,0,3.81,5.7,25.66,26.27
2022-11-03,25.2,18.6,0.3,12.97,77.59,Bengaluru,11,44,Post-Monsoon,0,3.86,5.7,25.39,26.22
2022-11-04,26.7,18.9,1.3,12.97,77.59,Bengaluru,11,44,Post-Monsoon,0,4.0,5.71,25.5,26.2
2022-11-05,26.9,19.0,0.5,12.97,77.59,Bengaluru,11,44,Post-Monsoon,0,3.93,5.54,25.63,26.24
2022-11-06,26.2,17.8,0.4,12.97,77.59,Bengaluru,11,44,Post-Monsoon,0,3.77,5.52,25.67,26.22
2022-11-07,26.3,17.2,0.0,12.97,77.59,Bengaluru,11,45,Post-Monsoon,0,3.77,5.51,25.66,26.19
2022-11-08,27.1,17.1,0.0,12.97,77.59,Bengaluru,11,45,Post-Monsoon,0,1.77,4.98,26.01,26.23
2022-11-09,26.9,16.3,0.0,12.97,77.59,Bengaluru,11,45,Post-Monsoon,0,0.36,4.66,26.47,26.23
2022-11-10,27.2,16.6,0.3,12.97,77.59,Bengaluru,11,45,Post-Monsoon,0,0.36,4.45,26.76,26.27
2022-11-11,21.9,18.0,20.5,12.97,77.59,Bengaluru,11,45,Post-Monsoon,0,3.1,4.35,26.07,26.13
2022-11-12,23.1,18.6,3.0,12.97,77.59,Bengaluru,11,45,Post-Monsoon,0,3.46,3.72,25.53,26.02
2022-11-13,24.5,18.7,2.0,12.97,77.59,Bengaluru,11,45,Post-Monsoon,0,3.69,3.51,25.29,25.96
2022-11-14,26.6,18.4,1.5,12.97,77.59,Bengaluru,11,46,Post-Monsoon,0,3.9,3.3,25.33,25.93
2022-11-15,25.9,18.3,1.5,12.97,77.59,Bengaluru,11,46,Post-Monsoon,0,4.11,2.78,25.16,25.91
2022-11-16,26.8,18.0,0.0,12.97,77.59,Bengaluru,11,46,Post-Monsoon,0,4.11,2.69,25.14,25.89
2022-11-17,25.9,14.8,0.0,12.97,77.59,Bengaluru,11,46,Post-Monsoon,0,4.07,2.6,24.96,25.87
2022-11-18,25.8,13.4,0.0,12.97,77.59,Bengaluru,11,46,Post-Monsoon,0,1.14,2.38,25.51,25.83
2022-11-19,25.4,13.1,0.0,12.97,77.59,Bengaluru,11,46,Post-Monsoon,0,0.71,2.02,25.84,25.78
2022-11-20,24.7,13.0,0.0,12.97,77.59,Bengaluru,11,46,Post-Monsoon,0,0.43,1.93,25.87,25.7
2022-11-21,25.0,13.8,0.1,12.97,77.59,Bengaluru,11,47,Post-Monsoon,0,0.23,1.94,25.64,25.64
2022-11-22,24.7,16.7,1.8,12.97,77.59,Bengaluru,11,47,Post-Monsoon,0,0.27,2.0,25.47,25.6
2022-11-23,24.1,18.4,8.3,12.97,77.59,Bengaluru,11,47,Post-Monsoon,0,1.46,2.27,25.09,25.57
2022-11-24,26.4,19.2,3.7,12.97,77.59,Bengaluru,11,47,Post-Monsoon,0,1.99,2.4,25.16,25.62
2022-11-25,26.7,18.2,0.4,12.97,77.59,Bengaluru,11,47,Post-Monsoon,0,2.04,2.41,25.29,25.65
2022-11-26,27.3,18.0,0.0,12.97,77.59,Bengaluru,11,47,Post-Monsoon,0,2.04,2.41,25.56,25.66
2022-11-27,26.8,18.6,0.8,12.97,77.59,Bengaluru,11,47,Post-Monsoon,0,2.16,2.43,25.86,25.69
2022-11-28,27.3,18.8,0.9,12.97,77.59,Bengaluru,11,48,Post-Monsoon,0,2.27,2.42,26.19,25.73
2022-11-29,27.3,18.2,0.1,12.97,77.59,Bengaluru,11,48,Post-Monsoon,0,2.03,2.38,26.56,25.78
2022-11-30,26.1,15.8,0.0,12.97,77.59,Bengaluru,11,48,Post-Monsoon,0,0.84,2.38,26.84,25.77
2022-12-01,26.4,16.6,0.7,12.97,77.59,Bengaluru,12,48,Winter,0,0.41,1.93,26.84,25.83
2022-12-02,26.9,19.0,0.0,12.97,77.59,Bengaluru,12,48,Winter,0,0.36,1.6,26.87,25.94
2022-12-03,27.3,18.4,0.3,12.97,77.59,Bengaluru,12,48,Winter,0,0.4,1.6,26.87,26.01
2022-12-04,27.7,19.2,0.0,12.97,77.59,Bengaluru,12,48,Winter,0,0.29,1.56,27.0,26.04
2022-12-05,27.2,17.1,0.0,12.97,77.59,Bengaluru,12,49,Winter,0,0.16,1.54,26.99,26.05
2022-12-06,27.1,17.9,0.0,12.97,77.59,Bengaluru,12,49,Winter,0,0.14,1.53,26.96,26.08
2022-12-07,27.1,16.5,0.0,12.97,77.59,Bengaluru,12,49,Winter,0,0.14,1.53,27.1,26.11
2022-12-08,25.7,16.0,0.2,12.97,77.59,Bengaluru,12,49,Winter,0,0.07,1.54,27.0,26.06
2022-12-09,20.5,15.8,3.4,12.97,77.59,Bengaluru,12,49,Winter,0,0.56,1.65,26.09,25.85
2022-12-10,18.5,16.6,32.5,12.97,77.59,Bengaluru,12,49,Winter,0,5.16,2.72,24.83,25.56
2022-12-11,21.9,17.9,4.5,12.97,77.59,Bengaluru,12,49,Winter,0,5.8,2.19,24.0,25.56
2022-12-12,23.9,18.4,4.0,12.97,77.59,Bengaluru,12,50,Winter,0,6.37,2.22,23.53,25.58
2022-12-13,24.6,18.9,7.0,12.97,77.59,Bengaluru,12,50,Winter,0,7.37,2.39,23.17,25.59
2022-12-14,25.1,17.8,0.1,12.97,77.59,Bengaluru,12,50,Winter,0,7.39,2.34,22.89,25.54
2022-12-15,25.7,15.8,0.0,12.97,77.59,Bengaluru,12,50,Winter,0,7.36,2.29,22.89,25.53
2022-12-16,26.0,15.2,0.0,12.97,77.59,Bengaluru,12,50,Winter,0,6.87,2.29,23.67,25.5
2022-12-17,26.2,15.3,0.0,12.97,77.59,Bengaluru,12,50,Winter,0,2.23,2.29,24.77,25.51
2022-12-18,26.0,16.6,0.0,12.97,77.59,Bengaluru,12,50,Winter,0,1.59,2.29,25.36,25.52
2022-12-19,24.7,16.6,0.1,12.97,77.59,Bengaluru,12,51,Winter,0,1.03,2.3,25.47,25.5
2022-12-20,26.4,14.9,0.0,12.97,77.59,Bengaluru,12,51,Winter,0,0.03,2.3,25.73,25.55
2022-12-21,25.8,14.9,0.0,12.97,77.59,Bengaluru,12,51,Winter,0,0.01,2.29,25.83,25.58
2022-12-22,25.8,14.3,0.0,12.97,77.59,Bengaluru,12,51,Winter,0,0.01,2.23,25.84,25.62
2022-12-23,26.4,13.3,0.0,12.97,77.59,Bengaluru,12,51,Winter,0,0.01,1.96,25.9,25.69
2022-12-24,26.7,12.9,0.0,12.97,77.59,Bengaluru,12,51,Winter,0,0.01,1.83,25.97,25.7
2022-12-25,25.5,16.1,1.5,12.97,77.59,Bengaluru,12,51,Winter,0,0.23,1.87,25.9,25.66
2022-12-26,26.4,19.1,0.8,12.97,77.59,Bengaluru,12,52,Winter,0,0.33,1.9,26.14,25.63
2022-12-27,26.7,18.8,1.4,12.97,77.59,Bengaluru,12,52,Winter,0,0.53,1.92,26.19,25.63
2022-12-28,27.0,18.5,0.0,12.97,77.59,Bengaluru,12,52,Winter,0,0.53,1.89,26.36,25.62
2022-12-29,27.4,16.6,0.0,12.97,77.59,Bengaluru,12,52,Winter,0,0.53,1.88,26.59,25.62
2022-12-30,27.2,15.8,0.0,12.97,77.59,Bengaluru,12,52,Winter,0,0.53,1.88,26.7,25.66
2022-12-31,27.2,14.8,0.0,12.97,77.59,Bengaluru,12,52,Winter,0,0.53,1.86,26.77,25.69
2023-01-01,27.5,14.9,0.0,12.97,77.59,Bengaluru,1,52,Winter,0,0.31,1.86,27.06,25.71
2023-01-02,26.7,15.5,0.0,12.97,77.59,Bengaluru,1,1,Winter,0,0.2,1.85,27.1,25.69
2023-01-03,26.5,14.9,0.0,12.97,77.59,Bengaluru,1,1,Winter,0,0.0,1.85,27.07,25.65
2023-01-04,26.4,16.0,0.0,12.97,77.59,Bengaluru,1,1,Winter,0,0.0,1.85,26.99,25.62
2023-01-05,25.1,15.8,0.1,12.97,77.59,Bengaluru,1,1,Winter,0,0.01,1.85,26.66,25.55
2023-01-06,26.8,15.0,0.0,12.97,77.59,Bengaluru,1,1,Winter,0,0.01,1.85,26.6,25.54
2023-01-07,26.6,15.3,0.0,12.97,77.59,Bengaluru,1,1,Winter,0,0.01,1.85,26.51,25.57
2023-01-08,26.7,15.8,0.0,12.97,77.59,Bengaluru,1,1,Winter,0,0.01,1.73,26.4,25.78
2023-01-09,26.1,14.5,0.0,12.97,77.59,Bengaluru,1,2,Winter,0,0.01,0.65,26.31,26.03
2023-01-10,26.6,12.7,0.0,12.97,77.59,Bengaluru,1,2,Winter,0,0.01,0.5,26.33,26.19
2023-01-11,27.2,11.9,0.0,12.97,77.59,Bengaluru,1,2,Winter,0,0.01,0.37,26.44,26.3
2023-01-12,28.2,12.8,0.0,12.97,77.59,Bengaluru,1,2,Winter,0,0.0,0.13,26.89,26.42
2023-01-13,28.4,12.3,0.0,12.97,77.59,Bengaluru,1,2,Winter,0,0.0,0.13,27.11,26.53
2023-01-14,29.0,13.4,0.0,12.97,77.59,Bengaluru,1,2,Winter,0,0.0,0.13,27.46,26.64
2023-01-15,28.4,12.0,0.0,12.97,77.59,Bengaluru,1,2,Winter,0,0.0,0.13,27.7,26.72
2023-01-16,29.0,12.5,0.0,12.97,77.59,Bengaluru,1,3,Winter,0,0.0,0.13,28.11,26.81
2023-01-17,28.6,14.1,0.0,12.97,77.59,Bengaluru,1,3,Winter,0,0.0,0.13,28.4,26.9
2023-01-18,27.5,13.5,0.0,12.97,77.59,Bengaluru,1,3,Winter,0,0.0,0.13,28.44,26.99
2023-01-19,27.1,13.7,0.0,12.97,77.59,Bengaluru,1,3,Winter,0,0.0,0.13,28.29,27.02
2023-01-20,26.5,13.5,0.0,12.97,77.59,Bengaluru,1,3,Winter,0,0.0,0.13,28.01,27.04
2023-01-21,26.6,16.6,0.0,12.97,77.59,Bengaluru,1,3,Winter,0,0.0,0.13,27.67,27.07
2023-01-22,26.7,14.7,0.0,12.97,77.59,Bengaluru,1,3,Winter,0,0.0,0.13,27.43,27.08
2023-01-23,27.4,14.9,0.0,12.97,77.59,Bengaluru,1,4,Winter,0,0.0,0.13,27.2,27.1
2023-01-24,27.9,17.9,0.0,12.97,77.59,Bengaluru,1,4,Winter,0,0.0,0.08,27.1,27.18
2023-01-25,27.8,16.1,0.0,12.97,77.59,Bengaluru,1,4,Winter,0,0.0,0.05,27.14,27.23
2023-01-26,27.8,15.0,0.0,12.97,77.59,Bengaluru,1,4,Winter,0,0.0,0.0,27.24,27.26
2023-01-27,28.3,15.3,0.0,12.97,77.59,Bengaluru,1,4,Winter,0,0.0,0.0,27.5,27.31
2023-01-28,27.9,13.9,0.0,12.97,77.59,Bengaluru,1,4,Winter,0,0.0,0.0,27.69,27.32
2023-01-29,27.7,13.5,0.0,12.97,77.59,Bengaluru,1,4,Winter,0,0.0,0.0,27.83,27.34
2023-01-30,27.2,17.0,2.3,12.97,77.59,Bengaluru,1,5,Winter,0,0.33,0.08,27.8,27.34
2023-01-31,29.1,17.5,0.0,12.97,77.59,Bengaluru,1,5,Winter,0,0.33,0.08,27.97,27.39
2023-02-01,28.4,15.7,0.0,12.97,77.59,Bengaluru,2,5,Winter,0,0.33,0.08,28.06,27.45
2023-02-02,29.0,17.3,0.0,12.97,77.59,Bengaluru,2,5,Winter,0,0.33,0.08,28.23,27.53
2023-02-03,26.6,16.4,0.0,12.97,77.59,Bengaluru,2,5,Winter,0,0.33,0.08,27.99,27.54
2023-02-04,29.2,17.0,0.0,12.97,77.59,Bengaluru,2,5,Winter,0,0.33,0.08,28.17,27.68
2023-02-05,30.1,16.5,0.0,12.97,77.59,Bengaluru,2,5,Winter,0,0.33,0.08,28.51,27.79
2023-02-06,29.4,15.9,0.0,12.97,77.59,Bengaluru,2,6,Winter,0,0.0,0.08,28.83,27.88
2023-02-07,29.7,16.0,0.0,12.97,77.59,Bengaluru,2,6,Winter,0,0.0,0.08,28.91,27.98
2023-02-08,30.9,17.0,0.0,12.97,77.59,Bengaluru,2,6,Winter,0,0.0,0.08,29.27,28.14
2023-02-09,30.3,16.9,0.0,12.97,77.59,Bengaluru,2,6,Winter,0,0.0,0.08,29.46,28.26
2023-02-10,30.2,16.3,0.0,12.97,77.59,Bengaluru,2,6,Winter,0,0.0,0.08,29.97,28.36
2023-02-11,30.3,14.8,0.0,12.97,77.59,Bengaluru,2,6,Winter,0,0.0,0.08,30.13,28.43
2023-02-12,31.0,16.1,0.0,12.97,77.59,Bengaluru,2,6,Winter,0,0.0,0.08,30.26,28.52
2023-02-13,30.5,16.4,0.0,12.97,77.59,Bengaluru,2,7,Winter,0,0.0,0.08,30.41,28.57
2023-02-14,30.5,15.6,0.0,12.97,77.59,Bengaluru,2,7,Winter,0,0.0,0.08,30.53,28.64
2023-02-15,30.6,14.7,0.0,12.97,77.59,Bengaluru,2,7,Winter,0,0.0,0.08,30.49,28.69
2023-02-16,30.5,15.7,0.0,12.97,77.59,Bengaluru,2,7,Winter,0,0.0,0.08,30.51,28.76
2023-02-17,30.4,15.5,0.0,12.97,77.59,Bengaluru,2,7,Winter,0,0.0,0.08,30.54,28.85
2023-02-18,30.2,14.8,0.0,12.97,77.59,Bengaluru,2,7,Winter,0,0.0,0.08,30.53,28.96
2023-02-19,29.9,15.4,0.0,12.97,77.59,Bengaluru,2,7,Winter,0,0.0,0.08,30.37,29.07
2023-02-20,30.0,16.4,0.0,12.97,77.59,Bengaluru,2,8,Winter,0,0.0,0.08,30.3,29.18
2023-02-21,31.1,16.9,0.0,12.97,77.59,Bengaluru,2,8,Winter,0,0.0,0.08,30.39,29.33
2023-02-22,31.1,16.7,0.0,12.97,77.59,Bengaluru,2,8,Winter,0,0.0,0.08,30.46,29.45
2023-02-23,31.0,15.1,0.0,12.97,77.59,Bengaluru,2,8,Winter,0,0.0,0.08,30.53,29.56
2023-02-24,31.4,14.2,0.0,12.97,77.59,Bengaluru,2,8,Winter,0,0.0,0.08,30.67,29.68
2023-02-25,31.7,15.4,0.0,12.97,77.59,Bengaluru,2,8,Winter,0,0.0,0.08,30.89,29.81
2023-02-26,30.5,16.4,0.0,12.97,77.59,Bengaluru,2,8,Winter,0,0.0,0.08,30.97,29.88
2023-02-27,29.9,13.9,0.0,12.97,77.59,Bengaluru,2,9,Winter,0,0.0,0.08,30.96,29.95
2023-02-28,30.7,14.2,0.0,12.97,77.59,Bengaluru,2,9,Winter,0,0.0,0.08,30.9,30.05
2023-03-01,30.0,18.2,0.0,12.97,77.59,Bengaluru,3,9,Summer,0,0.0,0.0,30.74,30.14
2023-03-02,30.1,15.2,0.0,12.97,77.59,Bengaluru,3,9,Summer,0,0.0,0.0,30.61,30.17
2023-03-03,31.0,15.0,0.0,12.97,77.59,Bengaluru,3,9,Summer,0,0.0,0.0,30.56,30.26
2023-03-04,31.0,16.2,0.0,12.97,77.59,Bengaluru,3,9,Summer,0,0.0,0.0,30.46,30.33
2023-03-05,31.3,17.2,0.0,12.97,77.59,Bengaluru,3,9,Summer,0,0.0,0.0,30.57,30.48
2023-03-06,31.2,16.8,0.0,12.97,77.59,Bengaluru,3,10,Summer,0,0.0,0.0,30.76,30.55
2023-03-07,31.0,16.1,0.0,12.97,77.59,Bengaluru,3,10,Summer,0,0.0,0.0,30.8,30.58
2023-03-08,30.8,16.2,0.0,12.97,77.59,Bengaluru,3,10,Summer,0,0.0,0.0,30.91,30.63
2023-03-09,30.5,16.0,0.0,12.97,77.59,Bengaluru,3,10,Summer,0,0.0,0.0,30.97,30.65
2023-03-10,30.4,16.5,0.0,12.97,77.59,Bengaluru,3,10,Summer,0,0.0,0.0,30.89,30.64
2023-03-11,31.4,15.7,0.0,12.97,77.59,Bengaluru,3,10,Summer,0,0.0,0.0,30.94,30.67
2023-03-12,31.2,15.3,0.0,12.97,77.59,Bengaluru,3,10,Summer,0,0.0,0.0,30.93,30.71
2023-03-13,31.8,17.5,0.0,12.97,77.59,Bengaluru,3,11,Summer,0,0.0,0.0,31.01,30.76
2023-03-14,32.7,18.0,0.0,12.97,77.59,Bengaluru,3,11,Summer,0,0.0,0.0,31.26,30.81
2023-03-15,32.6,18.3,0.0,12.97,77.59,Bengaluru,3,11,Summer,0,0.0,0.0,31.51,30.88
2023-03-16,30.7,20.0,1.2,12.97,77.59,Bengaluru,3,11,Summer,0,0.17,0.04,31.54,30.89
2023-03-17,29.4,19.2,3.9,12.97,77.59,Bengaluru,3,11,Summer,0,0.73,0.17,31.4,30.85
2023-03-18,30.0,18.9,12.4,12.97,77.59,Bengaluru,3,11,Summer,0,2.5,0.58,31.2,30.83
2023-03-19,30.4,17.7,6.7,12.97,77.59,Bengaluru,3,11,Summer,0,3.46,0.81,31.09,30.83
2023-03-20,31.4,17.0,0.0,12.97,77.59,Bengaluru,3,12,Summer,0,3.46,0.81,31.03,30.87
2023-03-21,31.4,18.1,0.0,12.97,77.59,Bengaluru,3,12,Summer,0,3.46,0.81,30.84,30.92
2023-03-22,31.7,18.1,0.0,12.97,77.59,Bengaluru,3,12,Summer,0,3.46,0.81,30.71,30.98
2023-03-23,33.6,19.3,0.0,12.97,77.59,Bengaluru,3,12,Summer,0,3.29,0.81,31.13,31.06
2023-03-24,33.0,19.9,0.0,12.97,77.59,Bengaluru,3,12,Summer,0,2.73,0.81,31.64,31.13
2023-03-25,30.8,19.6,1.3,12.97,77.59,Bengaluru,3,12,Summer,0,1.14,0.85,31.76,31.12
2023-03-26,31.0,20.7,0.4,12.97,77.59,Bengaluru,3,12,Summer,0,0.24,0.86,31.84,31.11
2023-03-27,35.5,20.2,0.0,12.97,77.59,Bengaluru,3,13,Summer,0,0.24,0.86,32.43,31.23
2023-03-28,34.7,20.4,0.0,12.97,77.59,Bengaluru,3,13,Summer,0,0.24,0.86,32.9,31.37
2023-03-29,32.3,21.3,5.7,12.97,77.59,Bengaluru,3,13,Summer,0,1.06,1.05,32.99,31.45
2023-03-30,32.2,20.9,0.6,12.97,77.59,Bengaluru,3,13,Summer,0,1.14,1.07,32.79,31.5
2023-03-31,31.4,19.8,0.2,12.97,77.59,Bengaluru,3,13,Summer,0,1.17,1.08,32.56,31.55
2023-04-01,29.7,21.5,1.5,12.97,77.59,Bengaluru,4,13,Summer,0,1.2,1.13,32.4,31.54
2023-04-02,33.8,20.1,0.0,12.97,77.59,Bengaluru,4,13,Summer,0,1.14,1.13,32.8,31.63
2023-04-03,32.9,19.7,0.0,12.97,77.59,Bengaluru,4,14,Summer,0,1.14,1.13,32.43,31.69
2023-04-04,31.1,20.9,0.6,12.97,77.59,Bengaluru,4,14,Summer,0,1.23,1.15,31.91,31.69
2023-04-05,32.5,19.1,0.0,12.97,77.59,Bengaluru,4,14,Summer,0,0.41,1.15,31.94,31.73
2023-04-06,31.2,20.6,0.2,12.97,77.59,Bengaluru,4,14,Summer,0,0.36,1.16,31.8,31.74
2023-04-07,32.1,20.3,0.0,12.97,77.59,Bengaluru,4,14,Summer,0,0.33,1.16,31.9,31.78
2023-04-08,32.2,19.5,0.0,12.97,77.59,Bengaluru,4,14,Summer,0,0.11,1.16,32.26,31.84
2023-04-09,32.4,18.3,0.0,12.97,77.59,Bengaluru,4,14,Summer,0,0.11,1.16,32.06,31.9
2023-04-10,32.9,19.4,0.0,12.97,77.59,Bengaluru,4,15,Summer,0,0.11,1.16,32.06,31.95
2023-04-11,33.6,18.8,0.0,12.97,77.59,Bengaluru,4,15,Summer,0,0.03,1.16,32.41,32.03
2023-04-12,34.7,18.6,0.0,12.97,77.59,Bengaluru,4,15,Summer,0,0.03,1.16,32.73,32.13
2023-04-13,35.1,18.9,0.0,12.97,77.59,Bengaluru,4,15,Summer,0,0.0,1.16,33.29,32.21
2023-04-14,35.2,20.1,0.0,12.97,77.59,Bengaluru,4,15,Summer,0,0.0,1.16,33.73,32.3
2023-04-15,34.0,19.7,0.0,12.97,77.59,Bengaluru,4,15,Summer,0,0.0,1.12,33.99,32.41
2023-04-16,34.3,19.5,0.0,12.97,77.59,Bengaluru,4,15,Summer,0,0.0,0.99,34.26,32.57
2023-04-17,34.6,19.5,0.0,12.97,77.59,Bengaluru,4,16,Summer,0,0.0,0.57,34.5,32.72
2023-04-18,34.9,20.5,0.0,12.97,77.59,Bengaluru,4,16,Summer,0,0.0,0.35,34.69,32.87
2023-04-19,35.5,21.0,0.0,12.97,77.59,Bengaluru,4,16,Summer,0,0.0,0.35,34.8,33.01
2023-04-20,34.9,20.6,0.0,12.97,77.59,Bengaluru,4,16,Summer,0,0.0,0.35,34.77,33.13
2023-04-21,33.9,21.4,0.0,12.97,77.59,Bengaluru,4,16,Summer,0,0.0,0.35,34.59,33.2
2023-04-22,33.4,21.1,0.0,12.97,77.59,Bengaluru,4,16,Summer,0,0.0,0.35,34.5,33.19
2023-04-23,33.3,21.4,0.0,12.97,77.59,Bengaluru,4,16,Summer,0,0.0,0.35,34.36,33.2
2023-04-24,33.8,21.5,0.1,12.97,77.59,Bengaluru,4,17,Summer,0,0.01,0.31,34.24,33.3
2023-04-25,32.1,22.1,2.1,12.97,77.59,Bengaluru,4,17,Summer,0,0.31,0.37,33.84,33.34
2023-04-26,33.2,21.1,0.8,12.97,77.59,Bengaluru,4,17,Summer,0,0.43,0.39,33.51,33.26
2023-04-27,33.7,21.1,0.1,12.97,77.59,Bengaluru,4,17,Summer,0,0.44,0.4,33.34,33.23
2023-04-28,32.8,21.3,0.3,12.97,77.59,Bengaluru,4,17,Summer,0,0.49,0.22,33.19,33.25
2023-04-29,31.8,20.9,4.5,12.97,77.59,Bengaluru,4,17,Summer,0,1.13,0.35,32.96,33.23
2023-04-30,31.9,20.3,17.8,12.97,77.59,Bengaluru,4,17,Summer,0,3.67,0.93,32.76,33.25
2023-05-01,29.5,19.4,3.8,12.97,77.59,Bengaluru,5,18,Summer,0,4.2,1.01,32.14,33.24
2023-05-02,29.6,20.6,2.5,12.97,77.59,Bengaluru,5,18,Summer,0,4.26,1.09,31.79,33.1
2023-05-03,27.0,19.8,5.2,12.97,77.59,Bengaluru,5,18,Summer,0,4.89,1.27,30.9,32.91
2023-05-04,28.6,19.8,1.0,12.97,77.59,Bengaluru,5,18,Summer,0,5.01,1.28,30.17,32.82
2023-05-05,27.7,20.0,0.7,12.97,77.59,Bengaluru,5,18,Summer,0,5.07,1.3,29.44,32.66
2023-05-06,29.8,20.4,8.7,12.97,77.59,Bengaluru,5,18,Summer,0,5.67,1.59,29.16,32.62
2023-05-07,26.1,20.1,4.1,12.97,77.59,Bengaluru,5,18,Summer,0,3.71,1.72,28.33,32.42
2023-05-08,29.3,21.0,19.8,12.97,77.59,Bengaluru,5,19,Summer,0,6.0,2.38,28.3,32.32
2023-05-09,31.0,19.1,9.6,12.97,77.59,Bengaluru,5,19,Summer,0,7.01,2.7,28.5,32.27
2023-05-10,32.0,19.4,0.0,12.97,77.59,Bengaluru,5,19,Summer,0,6.27,2.7,29.21,32.24
2023-05-11,32.6,20.4,6.7,12.97,77.59,Bengaluru,5,19,Summer,0,7.09,2.93,29.79,32.21
2023-05-12,31.8,20.9,0.2,12.97,77.59,Bengaluru,5,19,Summer,0,7.01,2.93,30.37,32.11
2023-05-13,30.9,21.5,2.1,12.97,77.59,Bengaluru,5,19,Summer,0,6.07,3.0,30.53,31.97
2023-05-14,32.4,20.5,0.0,12.97,77.59,Bengaluru,5,19,Summer,0,5.49,3.0,31.43,31.88
2023-05-15,33.0,21.2,0.0,12.97,77.59,Bengaluru,5,20,Summer,0,2.66,3.0,31.96,31.85
2023-05-16,33.0,19.8,0.0,12.97,77.59,Bengaluru,5,20,Summer,0,1.29,3.0,32.24,31.8
2023-05-17,32.6,21.9,0.0,12.97,77.59,Bengaluru,5,20,Summer,0,1.29,3.0,32.33,31.74
2023-05-18,34.2,21.5,0.1,12.97,77.59,Bengaluru,5,20,Summer,0,0.34,3.01,32.56,31.71
2023-05-19,34.2,21.7,0.0,12.97,77.59,Bengaluru,5,20,Summer,0,0.31,3.01,32.9,31.67
2023-05-20,33.3,21.2,0.1,12.97,77.59,Bengaluru,5,20,Summer,0,0.03,3.01,33.24,31.62
2023-05-21,31.6,21.8,7.3,12.97,77.59,Bengaluru,5,20,Summer,0,1.07,3.25,33.13,31.54
2023-05-22,31.6,20.4,1.6,12.97,77.59,Bengaluru,5,21,Summer,0,1.3,3.31,32.93,31.48
2023-05-23,32.4,19.8,1.0,12.97,77.59,Bengaluru,5,21,Summer,0,1.44,3.34,32.84,31.45
2023-05-24,31.8,21.1,6.6,12.97,77.59,Bengaluru,5,21,Summer,0,2.39,3.56,32.73,31.38
2023-05-25,31.3,20.9,1.4,12.97,77.59,Bengaluru,5,21,Summer,0,2.57,3.53,32.31,31.36
2023-05-26,31.3,20.8,0.0,12.97,77.59,Bengaluru,5,21,Summer,0,2.57,3.51,31.9,31.29
2023-05-27,31.4,20.5,0.5,12.97,77.59,Bengaluru,5,21,Summer,0,2.63,3.52,31.63,31.22
2023-05-28,32.3,21.1,0.0,12.97,77.59,Bengaluru,5,21,Summer,0,1.59,3.51,31.73,31.2
2023-05-29,32.6,21.4,1.8,12.97,77.59,Bengaluru,5,22,Summer,0,1.61,3.42,31.87,31.23
2023-05-30,30.0,21.5,36.6,12.97,77.59,Bengaluru,5,22,Summer,0,6.7,4.05,31.53,31.16
2023-05-31,30.6,21.2,20.3,12.97,77.59,Bengaluru,5,22,Summer,0,8.66,4.6,31.36,31.2
2023-06-01,31.0,20.7,3.1,12.97,77.59,Bengaluru,6,22,Monsoon,1,8.9,4.62,31.31,31.25
2023-06-02,30.3,20.8,0.0,12.97,77.59,Bengaluru,6,22,Monsoon,1,8.9,4.44,31.17,31.36
2023-06-03,31.6,20.9,0.4,12.97,77.59,Bengaluru,6,22,Monsoon,1,8.89,4.42,31.2,31.46
2023-06-04,30.0,21.2,0.0,12.97,77.59,Bengaluru,6,22,Monsoon,1,8.89,4.4,30.87,31.53
2023-06-05,30.8,21.0,0.1,12.97,77.59,Bengaluru,6,23,Monsoon,1,8.64,4.11,30.61,31.57
2023-06-06,31.3,21.3,0.3,12.97,77.59,Bengaluru,6,23,Monsoon,1,3.46,3.99,30.8,31.74
2023-06-07,31.6,21.2,0.0,12.97,77.59,Bengaluru,6,23,Monsoon,1,0.56,3.33,30.94,31.82
2023-06-08,31.6,20.6,0.0,12.97,77.59,Bengaluru,6,23,Monsoon,1,0.11,3.01,31.03,31.84
2023-06-09,31.4,20.3,5.5,12.97,77.59,Bengaluru,6,23,Monsoon,1,0.9,3.19,31.19,31.82
2023-06-10,30.8,20.1,0.7,12.97,77.59,Bengaluru,6,23,Monsoon,1,0.94,2.99,31.07,31.76
2023-06-11,30.8,20.6,0.2,12.97,77.59,Bengaluru,6,23,Monsoon,1,0.97,2.99,31.19,31.72
2023-06-12,30.5,20.3,13.0,12.97,77.59,Bengaluru,6,24,Monsoon,1,2.81,3.35,31.14,31.71
2023-06-13,30.8,20.1,1.8,12.97,77.59,Bengaluru,6,24,Monsoon,1,3.03,3.41,31.07,31.66
2023-06-14,30.7,20.0,1.1,12.97,77.59,Bengaluru,6,24,Monsoon,1,3.19,3.45,30.94,31.58
2023-06-15,31.6,19.9,0.0,12.97,77.59,Bengaluru,6,24,Monsoon,1,3.19,3.45,30.94,31.53
2023-06-16,32.0,20.8,0.0,12.97,77.59,Bengaluru,6,24,Monsoon,1,2.4,3.45,31.03,31.51
2023-06-17,31.4,19.9,0.2,12.97,77.59,Bengaluru,6,24,Monsoon,1,2.33,3.45,31.11,31.42
2023-06-18,30.8,21.2,1.0,12.97,77.59,Bengaluru,6,24,Monsoon,1,2.44,3.49,31.11,31.31
2023-06-19,28.4,20.5,2.4,12.97,77.59,Bengaluru,6,25,Monsoon,1,0.93,3.56,30.81,31.14
2023-06-20,26.3,21.4,18.5,12.97,77.59,Bengaluru,6,25,Monsoon,1,3.31,3.94,30.17,30.97
2023-06-21,29.4,20.3,13.6,12.97,77.59,Bengaluru,6,25,Monsoon,1,5.1,4.34,29.99,30.89
2023-06-22,29.1,20.8,3.7,12.97,77.59,Bengaluru,6,25,Monsoon,1,5.63,4.43,29.63,30.78
2023-06-23,28.9,20.3,0.5,12.97,77.59,Bengaluru,6,25,Monsoon,1,5.7,4.22,29.19,30.69
2023-06-24,28.1,20.3,3.6,12.97,77.59,Bengaluru,6,25,Monsoon,1,6.19,4.3,28.71,30.58
2023-06-25,29.1,19.3,0.9,12.97,77.59,Bengaluru,6,25,Monsoon,1,6.17,4.33,28.47,30.51
2023-06-26,28.7,20.2,0.2,12.97,77.59,Bengaluru,6,26,Monsoon,1,5.86,4.32,28.51,30.42
2023-06-27,28.8,19.4,2.3,12.97,77.59,Bengaluru,6,26,Monsoon,1,3.54,4.39,28.87,30.3
2023-06-28,28.9,19.8,2.4,12.97,77.59,Bengaluru,6,26,Monsoon,1,1.94,4.41,28.8,30.18
2023-06-29,28.7,19.5,9.1,12.97,77.59,Bengaluru,6,26,Monsoon,1,2.71,3.5,28.74,30.13
2023-06-30,29.8,20.1,1.7,12.97,77.59,Bengaluru,6,26,Monsoon,1,2.89,2.88,28.87,30.11
2023-07-01,29.3,19.8,0.7,12.97,77.59,Bengaluru,7,26,Monsoon,1,2.47,2.8,29.04,30.05
2023-07-02,28.9,20.5,4.7,12.97,77.59,Bengaluru,7,26,Monsoon,1,3.01,2.95,29.01,30.0
2023-07-03,28.9,20.3,8.3,12.97,77.59,Bengaluru,7,27,Monsoon,1,4.17,3.22,29.04,29.91
2023-07-04,26.4,20.0,14.9,12.97,77.59,Bengaluru,7,27,Monsoon,1,5.97,3.71,28.7,29.79
2023-07-05,26.5,20.1,12.3,12.97,77.59,Bengaluru,7,27,Monsoon,1,7.39,4.12,28.36,29.65
2023-07-06,25.2,19.6,15.3,12.97,77.59,Bengaluru,7,27,Monsoon,1,8.27,4.62,27.86,29.45
2023-07-07,26.7,19.4,4.9,12.97,77.59,Bengaluru,7,27,Monsoon,1,8.73,4.78,27.41,29.28
2023-07-08,26.9,19.9,1.8,12.97,77.59,Bengaluru,7,27,Monsoon,1,8.89,4.84,27.07,29.13
2023-07-09,27.9,20.1,4.6,12.97,77.59,Bengaluru,7,27,Monsoon,1,8.87,4.81,26.93,29.01
2023-07-10,26.4,19.6,4.3,12.97,77.59,Bengaluru,7,28,Monsoon,1,8.3,4.93,26.57,28.86
2023-07-11,26.0,20.0,0.7,12.97,77.59,Bengaluru,7,28,Monsoon,1,6.27,4.95,26.51,28.7
2023-07-12,28.0,19.4,1.7,12.97,77.59,Bengaluru,7,28,Monsoon,1,4.76,4.57,26.73,28.62
2023-07-13,25.4,19.6,6.2,12.97,77.59,Bengaluru,7,28,Monsoon,1,3.46,4.72,26.76,28.44
2023-07-14,27.5,19.8,2.4,12.97,77.59,Bengaluru,7,28,Monsoon,1,3.1,4.76,26.87,28.33
2023-07-15,28.1,19.3,0.6,12.97,77.59,Bengaluru,7,28,Monsoon,1,2.93,4.78,27.04,28.22
2023-07-16,27.7,19.6,1.3,12.97,77.59,Bengaluru,7,28,Monsoon,1,2.46,4.83,27.01,28.07
2023-07-17,27.5,19.5,2.5,12.97,77.59,Bengaluru,7,29,Monsoon,1,2.2,4.9,27.17,27.94
2023-07-18,27.9,20.4,0.8,12.97,77.59,Bengaluru,7,29,Monsoon,1,2.21,4.9,27.44,27.85
2023-07-19,26.6,20.4,1.1,12.97,77.59,Bengaluru,7,29,Monsoon,1,2.13,4.85,27.24,27.79
2023-07-20,27.2,20.4,1.6,12.97,77.59,Bengaluru,7,29,Monsoon,1,1.47,4.29,27.5,27.82
2023-07-21,27.6,20.1,2.3,12.97,77.59,Bengaluru,7,29,Monsoon,1,1.46,3.91,27.51,27.76
2023-07-22,25.6,20.6,8.4,12.97,77.59,Bengaluru,7,29,Monsoon,1,2.57,4.07,27.16,27.64
2023-07-23,26.0,20.3,9.7,12.97,77.59,Bengaluru,7,29,Monsoon,1,3.77,4.38,26.91,27.54
2023-07-24,25.7,19.8,12.7,12.97,77.59,Bengaluru,7,30,Monsoon,1,5.23,4.68,26.66,27.46
2023-07-25,23.4,19.8,13.5,12.97,77.59,Bengaluru,7,30,Monsoon,1,7.04,5.1,26.01,27.27
2023-07-26,23.2,19.3,19.3,12.97,77.59,Bengaluru,7,30,Monsoon,1,9.64,5.74,25.53,27.09
2023-07-27,27.1,19.6,2.3,12.97,77.59,Bengaluru,7,30,Monsoon,1,9.74,5.74,25.51,27.03
2023-07-28,28.2,19.0,1.5,12.97,77.59,Bengaluru,7,30,Monsoon,1,9.63,5.71,25.6,27.01
2023-07-29,27.8,19.5,1.0,12.97,77.59,Bengaluru,7,30,Monsoon,1,8.57,5.44,25.91,26.98
2023-07-30,28.0,18.6,0.7,12.97,77.59,Bengaluru,7,30,Monsoon,1,7.29,5.4,26.2,26.92
2023-07-31,28.7,19.4,1.3,12.97,77.59,Bengaluru,7,31,Monsoon,1,5.66,5.42,26.63,26.9
2023-08-01,28.2,19.7,0.4,12.97,77.59,Bengaluru,8,31,Monsoon,1,3.79,5.28,27.31,26.88
2023-08-02,28.0,19.5,0.0,12.97,77.59,Bengaluru,8,31,Monsoon,1,1.03,5.0,28.0,26.85
2023-08-03,28.0,19.6,1.0,12.97,77.59,Bengaluru,8,31,Monsoon,1,0.84,4.54,28.13,26.9
2023-08-04,28.6,19.1,1.1,12.97,77.59,Bengaluru,8,31,Monsoon,1,0.79,4.17,28.19,26.97
2023-08-05,28.7,19.4,1.2,12.97,77.59,Bengaluru,8,31,Monsoon,1,0.81,3.7,28.31,27.09
2023-08-06,28.8,19.4,0.3,12.97,77.59,Bengaluru,8,31,Monsoon,1,0.76,3.54,28.43,27.16
2023-08-07,29.0,19.5,0.9,12.97,77.59,Bengaluru,8,32,Monsoon,1,0.7,3.51,28.47,27.23
2023-08-08,28.9,19.2,0.6,12.97,77.59,Bengaluru,8,32,Monsoon,1,0.73,3.38,28.57,27.26
2023-08-09,29.1,19.2,1.1,12.97,77.59,Bengaluru,8,32,Monsoon,1,0.89,3.27,28.73,27.35
2023-08-10,28.7,19.9,0.5,12.97,77.59,Bengaluru,8,32,Monsoon,1,0.81,3.27,28.83,27.44
2023-08-11,28.4,20.3,0.6,12.97,77.59,Bengaluru,8,32,Monsoon,1,0.74,3.23,28.8,27.45
2023-08-12,29.7,20.1,0.3,12.97,77.59,Bengaluru,8,32,Monsoon,1,0.61,3.03,28.94,27.6
2023-08-13,29.3,19.6,0.1,12.97,77.59,Bengaluru,8,32,Monsoon,1,0.59,2.96,29.01,27.66
2023-08-14,29.2,20.6,0.4,12.97,77.59,Bengaluru,8,33,Monsoon,1,0.51,2.95,29.04,27.69
2023-08-15,29.4,19.0,0.5,12.97,77.59,Bengaluru,8,33,Monsoon,1,0.5,2.92,29.11,27.75
2023-08-16,30.8,19.1,0.0,12.97,77.59,Bengaluru,8,33,Monsoon,1,0.34,2.84,29.36,27.86
2023-08-17,30.7,20.1,0.6,12.97,77.59,Bengaluru,8,33,Monsoon,1,0.36,2.83,29.64,27.95
2023-08-18,30.1,19.8,1.1,12.97,77.59,Bengaluru,8,33,Monsoon,1,0.43,2.83,29.89,28.07
2023-08-19,28.9,19.9,7.3,12.97,77.59,Bengaluru,8,33,Monsoon,1,1.43,3.02,29.77,28.13
2023-08-20,30.0,19.4,0.8,12.97,77.59,Bengaluru,8,33,Monsoon,1,1.53,2.97,29.87,28.21
2023-08-21,30.5,19.4,0.0,12.97,77.59,Bengaluru,8,34,Monsoon,1,1.47,2.69,30.06,28.37
2023-08-22,30.7,20.3,0.8,12.97,77.59,Bengaluru,8,34,Monsoon,1,1.51,2.4,30.24,28.53
2023-08-23,30.6,20.5,0.0,12.97,77.59,Bengaluru,8,34,Monsoon,1,1.51,1.97,30.21,28.69
2023-08-24,30.5,20.0,0.0,12.97,77.59,Bengaluru,8,34,Monsoon,1,1.43,1.52,30.19,28.93
2023-08-25,31.0,19.7,0.0,12.97,77.59,Bengaluru,8,34,Monsoon,1,1.27,0.88,30.31,29.19
2023-08-26,31.0,19.9,3.8,12.97,77.59,Bengaluru,8,34,Monsoon,1,0.77,0.93,30.61,29.32
2023-08-27,30.6,20.5,0.1,12.97,77.59,Bengaluru,8,34,Monsoon,1,0.67,0.88,30.7,29.4
2023-08-28,31.4,20.5,0.0,12.97,77.59,Bengaluru,8,35,Monsoon,1,0.67,0.85,30.83,29.52
2023-08-29,31.0,20.8,0.7,12.97,77.59,Bengaluru,8,35,Monsoon,1,0.66,0.85,30.87,29.62
2023-08-30,31.4,19.9,12.5,12.97,77.59,Bengaluru,8,35,Monsoon,1,2.44,1.22,30.99,29.71
2023-08-31,28.8,19.9,8.8,12.97,77.59,Bengaluru,8,35,Monsoon,1,3.7,1.5,30.74,29.73
2023-09-01,30.2,20.0,9.2,12.97,77.59,Bengaluru,9,35,Monsoon,1,5.01,1.81,30.63,29.8
2023-09-02,29.2,20.2,11.8,12.97,77.59,Bengaluru,9,35,Monsoon,1,6.16,2.17,30.37,29.84
2023-09-03,28.3,20.0,0.0,12.97,77.59,Bengaluru,9,35,Monsoon,1,6.14,2.13,30.04,29.83
2023-09-04,26.9,20.3,1.2,12.97,77.59,Bengaluru,9,36,Monsoon,1,6.31,2.13,29.4,29.77
2023-09-05,25.8,19.5,1.5,12.97,77.59,Bengaluru,9,36,Monsoon,1,6.43,2.17,28.66,29.67
2023-09-06,28.2,20.4,1.3,12.97,77.59,Bengaluru,9,36,Monsoon,1,4.83,2.19,28.2,29.64
2023-09-07,28.7,20.4,4.7,12.97,77.59,Bengaluru,9,36,Monsoon,1,4.24,2.32,28.19,29.64
2023-09-08,28.1,20.2,2.1,12.97,77.59,Bengaluru,9,36,Monsoon,1,3.23,2.36,27.89,29.6
2023-09-09,29.0,19.7,1.1,12.97,77.59,Bengaluru,9,36,Monsoon,1,1.7,2.38,27.86,29.61
2023-09-10,28.6,19.5,2.0,12.97,77.59,Bengaluru,9,36,Monsoon,1,1.99,2.42,27.9,29.62
2023-09-11,27.6,19.6,1.6,12.97,77.59,Bengaluru,9,37,Monsoon,1,2.04,2.47,28.0,29.55
2023-09-12,28.8,20.0,2.5,12.97,77.59,Bengaluru,9,37,Monsoon,1,2.19,2.55,28.43,29.53
2023-09-13,28.9,19.2,4.1,12.97,77.59,Bengaluru,9,37,Monsoon,1,2.59,2.67,28.53,29.52
2023-09-14,28.8,19.1,0.6,12.97,77.59,Bengaluru,9,37,Monsoon,1,2.0,2.67,28.54,29.5
2023-09-15,28.8,19.7,3.5,12.97,77.59,Bengaluru,9,37,Monsoon,1,2.2,2.79,28.64,29.44
2023-09-16,28.6,20.0,5.8,12.97,77.59,Bengaluru,9,37,Monsoon,1,2.87,2.96,28.59,29.37
2023-09-17,26.8,19.9,7.5,12.97,77.59,Bengaluru,9,37,Monsoon,1,3.66,3.18,28.33,29.26
2023-09-18,28.8,19.5,4.8,12.97,77.59,Bengaluru,9,38,Monsoon,1,4.11,3.09,28.5,29.25
2023-09-19,28.7,19.7,1.0,12.97,77.59,Bengaluru,9,38,Monsoon,1,3.9,3.1,28.49,29.21
2023-09-20,28.7,19.1,0.3,12.97,77.59,Bengaluru,9,38,Monsoon,1,3.36,3.11,28.46,29.15
2023-09-21,27.0,19.6,0.2,12.97,77.59,Bengaluru,9,38,Monsoon,1,3.3,3.09,28.2,29.03
2023-09-22,28.6,19.6,6.2,12.97,77.59,Bengaluru,9,38,Monsoon,1,3.69,3.3,28.17,28.96
2023-09-23,29.0,19.9,6.5,12.97,77.59,Bengaluru,9,38,Monsoon,1,3.79,3.51,28.23,28.91
2023-09-24,27.1,19.9,7.5,12.97,77.59,Bengaluru,9,38,Monsoon,1,3.79,3.76,28.27,28.78
2023-09-25,26.9,19.5,1.1,12.97,77.59,Bengaluru,9,39,Monsoon,1,3.26,3.67,28.0,28.64
2023-09-26,28.4,19.5,1.8,12.97,77.59,Bengaluru,9,39,Monsoon,1,3.37,3.73,27.96,28.57
2023-09-27,27.9,19.7,11.5,12.97,77.59,Bengaluru,9,39,Monsoon,1,4.97,4.11,27.84,28.45
2023-09-28,27.1,19.0,9.4,12.97,77.59,Bengaluru,9,39,Monsoon,1,6.29,4.4,27.86,28.32
2023-09-29,27.5,19.8,5.7,12.97,77.59,Bengaluru,9,39,Monsoon,1,6.21,4.18,27.7,28.19
2023-09-30,28.2,19.5,2.7,12.97,77.59,Bengaluru,9,39,Monsoon,1,5.67,3.97,27.59,28.17
2023-10-01,27.5,20.3,1.1,12.97,77.59,Bengaluru,10,39,Post-Monsoon,0,4.76,3.7,27.64,28.08
2023-10-02,28.1,19.8,0.3,12.97,77.59,Bengaluru,10,40,Post-Monsoon,0,4.64,3.32,27.81,28.05
2023-10-03,28.2,19.1,0.1,12.97,77.59,Bengaluru,10,40,Post-Monsoon,0,4.4,3.32,27.79,28.04
2023-10-04,28.2,19.0,0.4,12.97,77.59,Bengaluru,10,40,Post-Monsoon,0,2.81,3.3,27.83,28.09
2023-10-05,27.5,19.7,2.2,12.97,77.59,Bengaluru,10,40,Post-Monsoon,0,1.79,3.32,27.89,28.14
2023-10-06,29.5,20.2,1.5,12.97,77.59,Bengaluru,10,40,Post-Monsoon,0,1.19,3.33,28.17,28.19
2023-10-07,29.3,20.0,0.8,12.97,77.59,Bengaluru,10,40,Post-Monsoon,0,0.91,3.2,28.33,28.21
2023-10-08,29.7,20.2,14.4,12.97,77.59,Bengaluru,10,40,Post-Monsoon,0,2.81,3.61,28.64,28.26
2023-10-09,27.8,19.2,19.3,12.97,77.59,Bengaluru,10,41,Post-Monsoon,0,5.53,4.21,28.6,28.22
2023-10-10,28.7,19.5,1.9,12.97,77.59,Bengaluru,10,41,Post-Monsoon,0,5.79,4.21,28.67,28.22
2023-10-11,29.2,19.8,1.0,12.97,77.59,Bengaluru,10,41,Post-Monsoon,0,5.87,4.19,28.81,28.28
2023-10-12,30.0,19.9,0.3,12.97,77.59,Bengaluru,10,41,Post-Monsoon,0,5.6,4.12,29.17,28.32
2023-10-13,29.4,18.5,0.0,12.97,77.59,Bengaluru,10,41,Post-Monsoon,0,5.39,3.98,29.16,28.33
2023-10-14,29.2,18.4,0.0,12.97,77.59,Bengaluru,10,41,Post-Monsoon,0,5.27,3.96,29.14,28.35
2023-10-15,30.7,19.2,0.0,12.97,77.59,Bengaluru,10,41,Post-Monsoon,0,3.21,3.84,29.29,28.41
2023-10-16,30.0,20.8,0.4,12.97,77.59,Bengaluru,10,42,Post-Monsoon,0,0.51,3.66,29.6,28.46
2023-10-17,30.0,20.5,0.3,12.97,77.59,Bengaluru,10,42,Post-Monsoon,0,0.29,3.42,29.79,28.56
2023-10-18,30.4,19.1,0.0,12.97,77.59,Bengaluru,10,42,Post-Monsoon,0,0.14,3.26,29.96,28.62
2023-10-19,30.8,17.6,0.0,12.97,77.59,Bengaluru,10,42,Post-Monsoon,0,0.1,3.23,30.07,28.69
2023-10-20,31.1,18.9,0.0,12.97,77.59,Bengaluru,10,42,Post-Monsoon,0,0.1,3.22,30.31,28.77
2023-10-21,31.4,19.8,0.0,12.97,77.59,Bengaluru,10,42,Post-Monsoon,0,0.1,3.21,30.63,28.91
2023-10-22,31.6,19.1,0.0,12.97,77.59,Bengaluru,10,42,Post-Monsoon,0,0.1,3.01,30.76,29.01
2023-10-23,30.4,18.3,0.0,12.97,77.59,Bengaluru,10,43,Post-Monsoon,0,0.04,2.79,30.81,29.06
2023-10-24,29.9,17.0,0.0,12.97,77.59,Bengaluru,10,43,Post-Monsoon,0,0.0,2.54,30.8,29.15
2023-10-25,30.0,17.1,0.0,12.97,77.59,Bengaluru,10,43,Post-Monsoon,0,0.0,2.5,30.74,29.26
2023-10-26,30.0,16.5,0.0,12.97,77.59,Bengaluru,10,43,Post-Monsoon,0,0.0,2.44,30.63,29.31
2023-10-27,30.7,18.6,0.0,12.97,77.59,Bengaluru,10,43,Post-Monsoon,0,0.0,2.06,30.57,29.4
2023-10-28,30.9,20.3,0.0,12.97,77.59,Bengaluru,10,43,Post-Monsoon,0,0.0,1.75,30.5,29.53
2023-10-29,29.5,20.2,6.1,12.97,77.59,Bengaluru,10,43,Post-Monsoon,0,0.87,1.76,30.2,29.6
2023-10-30,28.7,19.5,4.1,12.97,77.59,Bengaluru,10,44,Post-Monsoon,0,1.46,1.81,29.96,29.61
2023-10-31,28.8,19.5,1.4,12.97,77.59,Bengaluru,10,44,Post-Monsoon,0,1.66,1.82,29.8,29.66
2023-11-01,29.4,18.9,1.3,12.97,77.59,Bengaluru,11,44,Post-Monsoon,0,1.84,1.85,29.71,29.7
2023-11-02,29.6,18.4,0.6,12.97,77.59,Bengaluru,11,44,Post-Monsoon,0,1.93,1.87,29.66,29.75
2023-11-03,30.0,20.7,2.0,12.97,77.59,Bengaluru,11,44,Post-Monsoon,0,2.21,1.92,29.56,29.81
2023-11-04,28.0,19.6,4.8,12.97,77.59,Bengaluru,11,44,Post-Monsoon,0,2.9,2.01,29.14,29.82
2023-11-05,27.8,19.3,22.6,12.97,77.59,Bengaluru,11,44,Post-Monsoon,0,5.26,2.71,28.9,29.77
2023-11-06,27.8,19.0,26.6,12.97,77.59,Bengaluru,11,45,Post-Monsoon,0,8.47,3.57,28.77,29.72
2023-11-07,27.1,18.9,9.2,12.97,77.59,Bengaluru,11,45,Post-Monsoon,0,9.59,3.4,28.53,29.63
2023-11-08,27.4,20.1,13.2,12.97,77.59,Bengaluru,11,45,Post-Monsoon,0,11.29,3.19,28.24,29.62
2023-11-09,27.2,19.6,6.4,12.97,77.59,Bengaluru,11,45,Post-Monsoon,0,12.11,3.34,27.9,29.57
2023-11-10,27.3,19.6,0.9,12.97,77.59,Bengaluru,11,45,Post-Monsoon,0,11.96,3.34,27.51,29.5
2023-11-11,28.1,16.9,0.0,12.97,77.59,Bengaluru,11,45,Post-Monsoon,0,11.27,3.33,27.53,29.44
2023-11-12,27.6,15.9,0.0,12.97,77.59,Bengaluru,11,45,Post-Monsoon,0,8.04,3.33,27.5,29.38
2023-11-13,27.2,16.0,0.0,12.97,77.59,Bengaluru,11,46,Post-Monsoon,0,4.24,3.33,27.41,29.31
2023-11-14,24.1,18.0,0.7,12.97,77.59,Bengaluru,11,46,Post-Monsoon,0,3.03,3.35,26.99,29.09
2023-11-15,27.4,18.2,1.0,12.97,77.59,Bengaluru,11,46,Post-Monsoon,0,1.29,3.37,26.99,29.01
2023-11-16,28.8,18.4,0.0,12.97,77.59,Bengaluru,11,46,Post-Monsoon,0,0.37,3.36,27.21,28.97
2023-11-17,29.7,19.0,0.0,12.97,77.59,Bengaluru,11,46,Post-Monsoon,0,0.24,3.36,27.56,28.94
2023-11-18,29.4,18.9,0.0,12.97,77.59,Bengaluru,11,46,Post-Monsoon,0,0.24,3.36,27.74,28.9
2023-11-19,29.2,17.3,0.0,12.97,77.59,Bengaluru,11,46,Post-Monsoon,0,0.24,3.36,27.97,28.83
2023-11-20,28.7,17.4,0.1,12.97,77.59,Bengaluru,11,47,Post-Monsoon,0,0.26,3.37,28.19,28.74
2023-11-21,28.4,19.0,3.5,12.97,77.59,Bengaluru,11,47,Post-Monsoon,0,0.66,3.48,28.8,28.64
2023-11-22,28.2,19.8,1.7,12.97,77.59,Bengaluru,11,47,Post-Monsoon,0,0.76,3.54,28.91,28.56
2023-11-23,27.1,19.6,5.4,12.97,77.59,Bengaluru,11,47,Post-Monsoon,0,1.53,3.72,28.67,28.47
2023-11-24,27.2,19.5,3.7,12.97,77.59,Bengaluru,11,47,Post-Monsoon,0,2.06,3.84,28.31,28.38
2023-11-25,27.5,19.5,1.5,12.97,77.59,Bengaluru,11,47,Post-Monsoon,0,2.27,3.89,28.04,28.29
2023-11-26,26.8,18.7,0.6,12.97,77.59,Bengaluru,11,47,Post-Monsoon,0,2.36,3.91,27.7,28.16
2023-11-27,26.5,19.4,1.9,12.97,77.59,Bengaluru,11,48,Post-Monsoon,0,2.61,3.98,27.39,28.02
2023-11-28,27.7,19.4,0.7,12.97,77.59,Bengaluru,11,48,Post-Monsoon,0,2.21,3.8,27.29,27.96
2023-11-29,28.2,19.7,0.5,12.97,77.59,Bengaluru,11,48,Post-Monsoon,0,2.04,3.68,27.29,27.94
2023-11-30,27.9,18.5,0.2,12.97,77.59,Bengaluru,11,48,Post-Monsoon,0,1.3,3.64,27.4,27.91
2023-12-01,28.0,19.3,2.9,12.97,77.59,Bengaluru,12,48,Winter,0,1.19,3.69,27.51,27.86
2023-12-02,28.2,17.4,1.2,12.97,77.59,Bengaluru,12,48,Winter,0,1.14,3.71,27.61,27.82
2023-12-03,26.5,19.6,2.8,12.97,77.59,Bengaluru,12,48,Winter,0,1.46,3.74,27.57,27.7
2023-12-04,24.0,19.8,0.0,12.97,77.59,Bengaluru,12,49,Winter,0,1.19,3.58,27.21,27.57
2023-12-05,28.5,18.5,0.0,12.97,77.59,Bengaluru,12,49,Winter,0,1.09,2.82,27.33,27.59
2023-12-06,28.4,17.1,0.0,12.97,77.59,Bengaluru,12,49,Winter,0,1.01,1.94,27.36,27.61
2023-12-07,28.9,18.4,0.1,12.97,77.59,Bengaluru,12,49,Winter,0,1.0,1.63,27.5,27.67
2023-12-08,28.4,19.8,1.9,12.97,77.59,Bengaluru,12,49,Winter,0,0.86,1.26,27.56,27.7
2023-12-09,27.1,20.0,1.9,12.97,77.59,Bengaluru,12,49,Winter,0,0.96,1.11,27.4,27.7
2023-12-10,28.3,18.9,0.0,12.97,77.59,Bengaluru,12,49,Winter,0,0.56,1.08,27.66,27.73
2023-12-11,27.8,18.2,0.2,12.97,77.59,Bengaluru,12,50,Winter,0,0.59,1.08,28.2,27.72
2023-12-12,28.1,18.4,0.0,12.97,77.59,Bengaluru,12,50,Winter,0,0.59,1.08,28.14,27.74
2023-12-13,26.6,16.3,0.0,12.97,77.59,Bengaluru,12,50,Winter,0,0.59,1.08,27.89,27.72
2023-12-14,26.2,16.8,0.0,12.97,77.59,Bengaluru,12,50,Winter,0,0.57,1.06,27.5,27.79
2023-12-15,28.4,16.4,0.0,12.97,77.59,Bengaluru,12,50,Winter,0,0.3,1.03,27.5,27.82
2023-12-16,28.6,18.8,0.7,12.97,77.59,Bengaluru,12,50,Winter,0,0.13,1.05,27.71,27.82
2023-12-17,26.5,18.3,0.2,12.97,77.59,Bengaluru,12,50,Winter,0,0.16,1.06,27.46,27.71
2023-12-18,26.6,18.5,0.0,12.97,77.59,Bengaluru,12,51,Winter,0,0.13,1.06,27.29,27.62
2023-12-19,27.0,17.8,0.0,12.97,77.59,Bengaluru,12,51,Winter,0,0.13,1.06,27.13,27.54
2023-12-20,27.0,17.1,0.0,12.97,77.59,Bengaluru,12,51,Winter,0,0.13,1.05,27.19,27.49
2023-12-21,28.5,16.9,0.0,12.97,77.59,Bengaluru,12,51,Winter,0,0.13,0.94,27.51,27.49
2023-12-22,28.5,17.8,0.0,12.97,77.59,Bengaluru,12,51,Winter,0,0.13,0.88,27.53,27.5
2023-12-23,28.3,16.2,0.0,12.97,77.59,Bengaluru,12,51,Winter,0,0.03,0.7,27.49,27.54
2023-12-24,28.9,14.0,0.0,12.97,77.59,Bengaluru,12,51,Winter,0,0.0,0.58,27.83,27.6
2023-12-25,28.5,17.5,0.0,12.97,77.59,Bengaluru,12,52,Winter,0,0.0,0.53,28.1,27.63
2023-12-26,28.0,14.5,0.0,12.97,77.59,Bengaluru,12,52,Winter,0,0.0,0.51,28.24,27.67
2023-12-27,28.2,14.9,0.0,12.97,77.59,Bengaluru,12,52,Winter,0,0.0,0.44,28.41,27.73
2023-12-28,28.0,15.4,0.0,12.97,77.59,Bengaluru,12,52,Winter,0,0.0,0.42,28.34,27.74
2023-12-29,27.9,16.6,0.0,12.97,77.59,Bengaluru,12,52,Winter,0,0.0,0.4,28.26,27.73
2023-12-30,27.8,17.4,0.0,12.97,77.59,Bengaluru,12,52,Winter,0,0.0,0.4,28.19,27.72
2023-12-31,27.9,16.8,0.0,12.97,77.59,Bengaluru,12,52,Winter,0,0.0,0.3,28.04,27.72
2024-01-01,28.4,16.6,0.0,12.97,77.59,Bengaluru,1,1,Winter,0,0.0,0.26,28.03,27.73
2024-01-02,27.6,18.2,0.0,12.97,77.59,Bengaluru,1,1,Winter,0,0.0,0.17,27.97,27.76
2024-01-03,27.4,16.4,0.0,12.97,77.59,Bengaluru,1,1,Winter,0,0.0,0.17,27.86,27.88
2024-01-04,25.5,18.2,2.7,12.97,77.59,Bengaluru,1,1,Winter,0,0.39,0.26,27.5,27.78
2024-01-05,27.0,18.6,0.2,12.97,77.59,Bengaluru,1,1,Winter,0,0.41,0.26,27.37,27.73
2024-01-06,28.7,19.3,1.2,12.97,77.59,Bengaluru,1,1,Winter,0,0.59,0.3,27.5,27.72
2024-01-07,27.8,17.0,0.0,12.97,77.59,Bengaluru,1,1,Winter,0,0.59,0.24,27.49,27.7
2024-01-08,23.5,18.4,2.4,12.97,77.59,Bengaluru,1,2,Winter,0,0.93,0.25,26.79,27.58
2024-01-09,26.6,18.8,1.0,12.97,77.59,Bengaluru,1,2,Winter,0,1.07,0.29,26.64,27.53
2024-01-10,25.0,17.2,0.0,12.97,77.59,Bengaluru,1,2,Winter,0,1.07,0.28,26.3,27.43
2024-01-11,27.8,17.0,0.0,12.97,77.59,Bengaluru,1,2,Winter,0,0.69,0.28,26.63,27.42
2024-01-12,27.3,15.6,0.0,12.97,77.59,Bengaluru,1,2,Winter,0,0.66,0.28,26.67,27.45
2024-01-13,28.5,15.8,0.0,12.97,77.59,Bengaluru,1,2,Winter,0,0.49,0.28,26.64,27.52
2024-01-14,28.4,16.9,0.0,12.97,77.59,Bengaluru,1,2,Winter,0,0.49,0.28,26.73,27.52
2024-01-15,28.2,15.6,0.0,12.97,77.59,Bengaluru,1,3,Winter,0,0.14,0.26,27.4,27.51
2024-01-16,28.3,15.7,0.0,12.97,77.59,Bengaluru,1,3,Winter,0,0.0,0.25,27.64,27.57
2024-01-17,28.4,15.9,0.0,12.97,77.59,Bengaluru,1,3,Winter,0,0.0,0.25,28.13,27.63
2024-01-18,28.9,16.6,0.0,12.97,77.59,Bengaluru,1,3,Winter,0,0.0,0.25,28.29,27.69
2024-01-19,29.4,17.5,0.0,12.97,77.59,Bengaluru,1,3,Winter,0,0.0,0.25,28.59,27.77
2024-01-20,29.2,16.6,0.0,12.97,77.59,Bengaluru,1,3,Winter,0,0.0,0.25,28.69,27.8
2024-01-21,29.2,17.0,0.0,12.97,77.59,Bengaluru,1,3,Winter,0,0.0,0.25,28.8,27.82
2024-01-22,29.2,17.0,0.0,12.97,77.59,Bengaluru,1,4,Winter,0,0.0,0.25,28.94,27.85
2024-01-23,29.1,17.0,0.0,12.97,77.59,Bengaluru,1,4,Winter,0,0.0,0.25,29.06,27.86
2024-01-24,29.7,17.3,0.0,12.97,77.59,Bengaluru,1,4,Winter,0,0.0,0.25,29.24,27.9
2024-01-25,28.6,17.6,0.0,12.97,77.59,Bengaluru,1,4,Winter,0,0.0,0.25,29.2,27.92
2024-01-26,28.3,16.9,0.0,12.97,77.59,Bengaluru,1,4,Winter,0,0.0,0.25,29.04,27.92
2024-01-27,28.4,16.2,0.0,12.97,77.59,Bengaluru,1,4,Winter,0,0.0,0.25,28.93,27.93
2024-01-28,28.4,16.0,0.0,12.97,77.59,Bengaluru,1,4,Winter,0,0.0,0.25,28.81,27.95
2024-01-29,28.2,16.7,0.0,12.97,77.59,Bengaluru,1,5,Winter,0,0.0,0.25,28.67,27.96
2024-01-30,29.2,15.1,0.0,12.97,77.59,Bengaluru,1,5,Winter,0,0.0,0.25,28.69,28.01
2024-01-31,29.6,16.8,0.0,12.97,77.59,Bengaluru,1,5,Winter,0,0.0,0.25,28.67,28.05
2024-02-01,30.0,18.4,0.0,12.97,77.59,Bengaluru,2,5,Winter,0,0.0,0.25,28.87,28.13
2024-02-02,30.6,18.9,0.0,12.97,77.59,Bengaluru,2,5,Winter,0,0.0,0.25,29.2,28.23
2024-02-03,30.4,19.4,0.0,12.97,77.59,Bengaluru,2,5,Winter,0,0.0,0.16,29.49,28.4
2024-02-04,29.7,17.9,0.0,12.97,77.59,Bengaluru,2,5,Winter,0,0.0,0.15,29.67,28.49
2024-02-05,30.6,16.7,0.0,12.97,77.59,Bengaluru,2,6,Winter,0,0.0,0.11,30.01,28.55
2024-02-06,32.2,15.8,0.0,12.97,77.59,Bengaluru,2,6,Winter,0,0.0,0.11,30.44,28.7
2024-02-07,32.6,16.8,0.0,12.97,77.59,Bengaluru,2,6,Winter,0,0.0,0.03,30.87,29.0
2024-02-08,32.9,17.0,0.0,12.97,77.59,Bengaluru,2,6,Winter,0,0.0,0.0,31.29,29.21
2024-02-09,32.3,17.1,0.0,12.97,77.59,Bengaluru,2,6,Winter,0,0.0,0.0,31.53,29.45
2024-02-10,30.8,17.1,0.0,12.97,77.59,Bengaluru,2,6,Winter,0,0.0,0.0,31.59,29.55
2024-02-11,30.5,17.4,0.0,12.97,77.59,Bengaluru,2,6,Winter,0,0.0,0.0,31.7,29.66
2024-02-12,30.8,15.8,0.0,12.97,77.59,Bengaluru,2,7,Winter,0,0.0,0.0,31.73,29.74
2024-02-13,30.7,16.4,0.0,12.97,77.59,Bengaluru,2,7,Winter,0,0.0,0.0,31.51,29.81
2024-02-14,30.7,17.9,0.0,12.97,77.59,Bengaluru,2,7,Winter,0,0.0,0.0,31.24,29.9
2024-02-15,30.8,17.0,0.0,12.97,77.59,Bengaluru,2,7,Winter,0,0.0,0.0,30.94,29.98
2024-02-16,29.8,16.7,0.0,12.97,77.59,Bengaluru,2,7,Winter,0,0.0,0.0,30.59,30.03
2024-02-17,31.3,17.1,0.0,12.97,77.59,Bengaluru,2,7,Winter,0,0.0,0.0,30.66,30.11
2024-02-18,32.1,17.6,0.0,12.97,77.59,Bengaluru,2,7,Winter,0,0.0,0.0,30.89,30.2
2024-02-19,31.0,17.3,0.0,12.97,77.59,Bengaluru,2,8,Winter,0,0.0,0.0,30.91,30.26
2024-02-20,31.6,18.8,0.0,12.97,77.59,Bengaluru,2,8,Winter,0,0.0,0.0,31.04,30.34
2024-02-21,32.1,19.7,0.0,12.97,77.59,Bengaluru,2,8,Winter,0,0.0,0.0,31.24,30.43
2024-02-22,32.4,19.4,0.0,12.97,77.59,Bengaluru,2,8,Winter,0,0.0,0.0,31.47,30.54
2024-02-23,32.7,18.5,0.0,12.97,77.59,Bengaluru,2,8,Winter,0,0.0,0.0,31.89,30.64
2024-02-24,31.8,19.5,0.0,12.97,77.59,Bengaluru,2,8,Winter,0,0.0,0.0,31.96,30.75
2024-02-25,32.1,20.2,0.0,12.97,77.59,Bengaluru,2,8,Winter,0,0.0,0.0,31.96,30.88
2024-02-26,31.2,17.8,0.0,12.97,77.59,Bengaluru,2,9,Winter,0,0.0,0.0,31.99,30.97
2024-02-27,31.1,18.0,0.0,12.97,77.59,Bengaluru,2,9,Winter,0,0.0,0.0,31.91,31.06
2024-02-28,32.6,17.2,0.0,12.97,77.59,Bengaluru,2,9,Winter,0,0.0,0.0,31.99,31.21
2024-02-29,32.2,16.4,0.0,12.97,77.59,Bengaluru,2,9,Winter,0,0.0,0.0,31.96,31.31
2024-03-01,32.4,16.7,0.0,12.97,77.59,Bengaluru,3,9,Summer,0,0.0,0.0,31.91,31.4
2024-03-02,32.5,17.6,0.0,12.97,77.59,Bengaluru,3,9,Summer,0,0.0,0.0,32.01,31.48
2024-03-03,32.7,18.4,0.0,12.97,77.59,Bengaluru,3,9,Summer,0,0.0,0.0,32.1,31.55
2024-03-04,34.4,18.9,0.0,12.97,77.59,Bengaluru,3,10,Summer,0,0.0,0.0,32.56,31.69
2024-03-05,34.3,18.9,0.0,12.97,77.59,Bengaluru,3,10,Summer,0,0.0,0.0,33.01,31.84
2024-03-06,34.5,20.0,0.0,12.97,77.59,Bengaluru,3,10,Summer,0,0.0,0.0,33.29,31.97
2024-03-07,34.5,19.9,0.0,12.97,77.59,Bengaluru,3,10,Summer,0,0.0,0.0,33.61,32.05
2024-03-08,33.6,20.8,0.0,12.97,77.59,Bengaluru,3,10,Summer,0,0.0,0.0,33.79,32.08
2024-03-09,33.4,20.5,0.0,12.97,77.59,Bengaluru,3,10,Summer,0,0.0,0.0,33.91,32.1
2024-03-10,33.3,22.3,0.0,12.97,77.59,Bengaluru,3,10,Summer,0,0.0,0.0,34.0,32.13
2024-03-11,33.9,20.8,0.0,12.97,77.59,Bengaluru,3,11,Summer,0,0.0,0.0,33.93,32.23
2024-03-12,34.2,20.3,0.0,12.97,77.59,Bengaluru,3,11,Summer,0,0.0,0.0,33.91,32.36
2024-03-13,34.6,21.7,0.0,12.97,77.59,Bengaluru,3,11,Summer,0,0.0,0.0,33.93,32.48
2024-03-14,34.1,21.7,0.0,12.97,77.59,Bengaluru,3,11,Summer,0,0.0,0.0,33.87,32.6
2024-03-15,34.8,21.8,0.0,12.97,77.59,Bengaluru,3,11,Summer,0,0.0,0.0,34.04,32.73
2024-03-16,35.5,22.6,0.0,12.97,77.59,Bengaluru,3,11,Summer,0,0.0,0.0,34.34,32.89
2024-03-17,34.6,20.6,0.0,12.97,77.59,Bengaluru,3,11,Summer,0,0.0,0.0,34.53,33.05
2024-03-18,34.8,20.0,0.0,12.97,77.59,Bengaluru,3,12,Summer,0,0.0,0.0,34.66,33.17
2024-03-19,34.4,20.8,0.0,12.97,77.59,Bengaluru,3,12,Summer,0,0.0,0.0,34.69,33.24
2024-03-20,35.2,20.2,0.0,12.97,77.59,Bengaluru,3,12,Summer,0,0.0,0.0,34.77,33.38
2024-03-21,32.7,20.0,0.0,12.97,77.59,Bengaluru,3,12,Summer,0,0.0,0.0,34.57,33.42
2024-03-22,34.1,20.0,0.0,12.97,77.59,Bengaluru,3,12,Summer,0,0.0,0.0,34.47,33.49
2024-03-23,34.6,19.4,0.0,12.97,77.59,Bengaluru,3,12,Summer,0,0.0,0.0,34.34,33.56
2024-03-24,35.0,19.7,0.0,12.97,77.59,Bengaluru,3,12,Summer,0,0.0,0.0,34.4,33.64
2024-03-25,35.5,19.3,0.0,12.97,77.59,Bengaluru,3,13,Summer,0,0.0,0.0,34.5,33.76
2024-03-26,35.5,19.9,0.0,12.97,77.59,Bengaluru,3,13,Summer,0,0.0,0.0,34.66,33.87
2024-03-27,35.0,18.9,0.0,12.97,77.59,Bengaluru,3,13,Summer,0,0.0,0.0,34.63,34.0
2024-03-28,35.3,19.8,0.0,12.97,77.59,Bengaluru,3,13,Summer,0,0.0,0.0,35.0,34.14
2024-03-29,36.0,21.3,0.0,12.97,77.59,Bengaluru,3,13,Summer,0,0.0,0.0,35.27,34.25
2024-03-30,35.7,20.7,0.0,12.97,77.59,Bengaluru,3,13,Summer,0,0.0,0.0,35.43,34.37
2024-03-31,35.5,20.2,0.0,12.97,77.59,Bengaluru,3,13,Summer,0,0.0,0.0,35.5,34.47
2024-04-01,36.1,20.4,0.0,12.97,77.59,Bengaluru,4,14,Summer,0,0.0,0.0,35.59,34.59
2024-04-02,36.8,22.7,0.0,12.97,77.59,Bengaluru,4,14,Summer,0,0.0,0.0,35.77,34.73
2024-04-03,36.7,21.7,0.0,12.97,77.59,Bengaluru,4,14,Summer,0,0.0,0.0,36.01,34.81
2024-04-04,36.5,22.0,0.0,12.97,77.59,Bengaluru,4,14,Summer,0,0.0,0.0,36.19,34.88
2024-04-05,37.5,22.3,0.0,12.97,77.59,Bengaluru,4,14,Summer,0,0.0,0.0,36.4,34.98
2024-04-06,37.4,21.4,0.0,12.97,77.59,Bengaluru,4,14,Summer,0,0.0,0.0,36.64,35.08
2024-04-07,37.1,22.4,0.0,12.97,77.59,Bengaluru,4,14,Summer,0,0.0,0.0,36.87,35.19
2024-04-08,37.0,21.6,0.0,12.97,77.59,Bengaluru,4,15,Summer,0,0.0,0.0,37.0,35.31
2024-04-09,35.4,21.5,0.0,12.97,77.59,Bengaluru,4,15,Summer,0,0.0,0.0,36.8,35.38
2024-04-10,35.6,20.7,0.0,12.97,77.59,Bengaluru,4,15,Summer,0,0.0,0.0,36.64,35.44
2024-04-11,35.7,20.6,0.0,12.97,77.59,Bengaluru,4,15,Summer,0,0.0,0.0,36.53,35.49
2024-04-12,34.7,21.9,0.1,12.97,77.59,Bengaluru,4,15,Summer,0,0.01,0.0,36.13,35.49
2024-04-13,35.0,21.4,0.0,12.97,77.59,Bengaluru,4,15,Summer,0,0.01,0.0,35.79,35.52
2024-04-14,35.3,20.7,0.0,12.97,77.59,Bengaluru,4,15,Summer,0,0.01,0.0,35.53,35.54
2024-04-15,36.0,20.7,0.0,12.97,77.59,Bengaluru,4,16,Summer,0,0.01,0.0,35.39,35.56
2024-04-16,36.3,19.9,0.0,12.97,77.59,Bengaluru,4,16,Summer,0,0.01,0.0,35.51,35.61
2024-04-17,37.6,22.7,0.0,12.97,77.59,Bengaluru,4,16,Summer,0,0.01,0.0,35.8,35.71
2024-04-18,37.8,22.9,0.0,12.97,77.59,Bengaluru,4,16,Summer,0,0.01,0.0,36.1,35.82
2024-04-19,38.1,24.1,0.0,12.97,77.59,Bengaluru,4,16,Summer,0,0.0,0.0,36.59,35.92
2024-04-20,37.2,23.8,0.0,12.97,77.59,Bengaluru,4,16,Summer,0,0.0,0.0,36.9,36.07
2024-04-21,37.1,22.9,0.0,12.97,77.59,Bengaluru,4,16,Summer,0,0.0,0.0,37.16,36.17
2024-04-22,37.7,23.1,0.0,12.97,77.59,Bengaluru,4,17,Summer,0,0.0,0.0,37.4,36.27
2024-04-23,37.3,22.2,0.0,12.97,77.59,Bengaluru,4,17,Summer,0,0.0,0.0,37.54,36.35
2024-04-24,36.9,22.0,0.0,12.97,77.59,Bengaluru,4,17,Summer,0,0.0,0.0,37.44,36.39
2024-04-25,37.5,22.6,0.0,12.97,77.59,Bengaluru,4,17,Summer,0,0.0,0.0,37.4,36.46
2024-04-26,37.2,22.6,0.0,12.97,77.59,Bengaluru,4,17,Summer,0,0.0,0.0,37.27,36.53
2024-04-27,37.7,21.4,0.0,12.97,77.59,Bengaluru,4,17,Summer,0,0.0,0.0,37.34,36.61
2024-04-28,38.6,22.3,0.0,12.97,77.59,Bengaluru,4,17,Summer,0,0.0,0.0,37.56,36.7
2024-04-29,38.0,24.0,0.0,12.97,77.59,Bengaluru,4,18,Summer,0,0.0,0.0,37.6,36.78
2024-04-30,38.6,23.7,0.0,12.97,77.59,Bengaluru,4,18,Summer,0,0.0,0.0,37.79,36.88
2024-05-01,39.5,23.2,0.0,12.97,77.59,Bengaluru,5,18,Summer,0,0.0,0.0,38.16,36.99
2024-05-02,37.9,24.7,0.6,12.97,77.59,Bengaluru,5,18,Summer,0,0.09,0.02,38.21,37.03
2024-05-03,37.5,24.7,0.2,12.97,77.59,Bengaluru,5,18,Summer,0,0.11,0.03,38.26,37.06
2024-05-04,37.9,23.2,0.1,12.97,77.59,Bengaluru,5,18,Summer,0,0.13,0.03,38.29,37.1
2024-05-05,37.7,23.2,0.0,12.97,77.59,Bengaluru,5,18,Summer,0,0.13,0.03,38.16,37.11
2024-05-06,39.3,23.3,0.0,12.97,77.59,Bengaluru,5,19,Summer,0,0.13,0.03,38.34,37.17
2024-05-07,35.9,23.6,0.1,12.97,77.59,Bengaluru,5,19,Summer,0,0.14,0.04,37.96,37.13
2024-05-08,34.0,21.5,6.2,12.97,77.59,Bengaluru,5,19,Summer,0,1.03,0.24,37.17,37.03
2024-05-09,32.8,22.6,4.5,12.97,77.59,Bengaluru,5,19,Summer,0,1.59,0.39,36.44,36.95
2024-05-10,33.0,22.4,6.0,12.97,77.59,Bengaluru,5,19,Summer,0,2.41,0.59,35.8,36.86
2024-05-11,34.0,21.7,0.0,12.97,77.59,Bengaluru,5,19,Summer,0,2.4,0.59,35.24,36.8
2024-05-12,31.8,22.0,5.8,12.97,77.59,Bengaluru,5,19,Summer,0,3.23,0.78,34.4,36.71
2024-05-13,32.7,20.8,4.9,12.97,77.59,Bengaluru,5,20,Summer,0,3.93,0.95,33.46,36.63
2024-05-14,29.2,21.6,16.2,12.97,77.59,Bengaluru,5,20,Summer,0,6.23,1.49,32.5,36.43
2024-05-15,32.2,21.2,1.0,12.97,77.59,Bengaluru,5,20,Summer,0,5.49,1.52,32.24,36.3
2024-05-16,27.2,21.3,2.8,12.97,77.59,Bengaluru,5,20,Summer,0,5.24,1.61,31.44,36.0
2024-05-17,29.3,20.9,15.0,12.97,77.59,Bengaluru,5,20,Summer,0,6.53,2.11,30.91,35.72
2024-05-18,29.3,21.1,19.5,12.97,77.59,Bengaluru,5,20,Summer,0,9.31,2.76,30.24,35.44
2024-05-19,29.3,21.5,9.1,12.97,77.59,Bengaluru,5,20,Summer,0,9.79,3.07,29.89,35.14
2024-05-20,27.6,21.1,25.2,12.97,77.59,Bengaluru,5,21,Summer,0,12.69,3.91,29.16,34.82
2024-05-21,29.8,21.4,10.5,12.97,77.59,Bengaluru,5,21,Summer,0,11.87,4.26,29.24,34.58
2024-05-22,29.8,21.2,12.9,12.97,77.59,Bengaluru,5,21,Summer,0,13.57,4.69,28.9,34.32
2024-05-23,31.5,20.5,0.7,12.97,77.59,Bengaluru,5,21,Summer,0,13.27,4.71,29.51,34.12
2024-05-24,29.8,21.8,3.5,12.97,77.59,Bengaluru,5,21,Summer,0,11.63,4.83,29.59,33.89
2024-05-25,29.7,22.0,0.5,12.97,77.59,Bengaluru,5,21,Summer,0,8.91,4.84,29.64,33.63
2024-05-26,29.2,21.7,2.4,12.97,77.59,Bengaluru,5,21,Summer,0,7.96,4.92,29.63,33.36
2024-05-27,30.6,20.7,0.0,12.97,77.59,Bengaluru,5,22,Summer,0,4.36,4.92,30.06,33.12
2024-05-28,32.2,21.4,0.0,12.97,77.59,Bengaluru,5,22,Summer,0,2.86,4.92,30.4,32.91
2024-05-29,32.1,20.5,0.2,12.97,77.59,Bengaluru,5,22,Summer,0,1.04,4.93,30.73,32.71
2024-05-30,32.2,21.4,2.4,12.97,77.59,Bengaluru,5,22,Summer,0,1.29,5.01,30.83,32.5
2024-05-31,32.2,21.6,1.2,12.97,77.59,Bengaluru,5,22,Summer,0,0.96,5.05,31.17,32.26
2024-06-01,32.2,22.4,28.0,12.97,77.59,Bengaluru,6,22,Monsoon,1,4.89,5.96,31.53,32.07
2024-06-02,30.9,22.5,10.3,12.97,77.59,Bengaluru,6,22,Monsoon,1,6.01,6.3,31.77,31.85
2024-06-03,28.4,22.1,0.6,12.97,77.59,Bengaluru,6,23,Monsoon,1,6.1,6.32,31.46,31.53
2024-06-04,29.4,21.3,7.1,12.97,77.59,Bengaluru,6,23,Monsoon,1,7.11,6.55,31.06,31.25
2024-06-05,27.6,20.9,20.8,12.97,77.59,Bengaluru,6,23,Monsoon,1,10.06,7.25,30.41,30.86
2024-06-06,28.1,21.5,8.4,12.97,77.59,Bengaluru,6,23,Monsoon,1,10.91,7.52,29.83,30.6
2024-06-07,27.1,21.3,7.2,12.97,77.59,Bengaluru,6,23,Monsoon,1,11.77,7.56,29.1,30.37
2024-06-08,28.8,20.7,1.9,12.97,77.59,Bengaluru,6,23,Monsoon,1,8.04,7.47,28.61,30.24
2024-06-09,27.1,20.5,3.3,12.97,77.59,Bengaluru,6,23,Monsoon,1,7.04,7.38,28.07,30.04
2024-06-10,27.6,20.6,2.2,12.97,77.59,Bengaluru,6,24,Monsoon,1,7.27,7.45,27.96,29.83
2024-06-11,28.8,21.1,0.6,12.97,77.59,Bengaluru,6,24,Monsoon,1,6.34,7.28,27.87,29.73
2024-06-12,27.7,20.7,6.9,12.97,77.59,Bengaluru,6,24,Monsoon,1,4.36,7.35,27.89,29.56
2024-06-13,28.7,20.0,3.1,12.97,77.59,Bengaluru,6,24,Monsoon,1,3.6,6.91,27.97,29.55
2024-06-14,28.6,20.3,0.0,12.97,77.59,Bengaluru,6,24,Monsoon,1,2.57,6.88,28.19,29.43
2024-06-15,29.9,19.4,0.0,12.97,77.59,Bengaluru,6,24,Monsoon,1,2.3,6.78,28.34,29.52
2024-06-16,29.3,19.6,1.0,12.97,77.59,Bengaluru,6,24,Monsoon,1,1.97,6.32,28.66,29.52
2024-06-17,29.8,20.3,0.6,12.97,77.59,Bengaluru,6,25,Monsoon,1,1.74,5.69,28.97,29.53
2024-06-18,29.2,20.3,4.4,12.97,77.59,Bengaluru,6,25,Monsoon,1,2.29,5.53,29.03,29.53
2024-06-19,29.2,20.2,5.4,12.97,77.59,Bengaluru,6,25,Monsoon,1,2.07,4.87,29.24,29.58
2024-06-20,28.3,20.4,0.6,12.97,77.59,Bengaluru,6,25,Monsoon,1,1.71,4.54,29.19,29.53
2024-06-21,28.8,19.7,3.3,12.97,77.59,Bengaluru,6,25,Monsoon,1,2.19,4.22,29.21,29.5
2024-06-22,28.0,20.1,1.9,12.97,77.59,Bengaluru,6,25,Monsoon,1,2.46,4.26,28.94,29.38
2024-06-23,28.3,20.2,1.6,12.97,77.59,Bengaluru,6,25,Monsoon,1,2.54,4.2,28.8,29.33
2024-06-24,29.8,20.5,4.1,12.97,77.59,Bengaluru,6,26,Monsoon,1,3.04,4.32,28.8,29.34
2024-06-25,27.4,20.8,1.6,12.97,77.59,Bengaluru,6,26,Monsoon,1,2.64,4.29,28.54,29.28
2024-06-26,28.0,20.8,2.2,12.97,77.59,Bengaluru,6,26,Monsoon,1,2.19,4.36,28.37,29.19
2024-06-27,25.7,21.0,6.1,12.97,77.59,Bengaluru,6,26,Monsoon,1,2.97,4.57,28.0,28.97
2024-06-28,29.1,20.1,0.8,12.97,77.59,Bengaluru,6,26,Monsoon,1,2.61,4.59,28.04,28.87
2024-06-29,29.8,19.8,1.0,12.97,77.59,Bengaluru,6,26,Monsoon,1,2.49,4.54,28.3,28.79
2024-06-30,28.4,20.2,1.4,12.97,77.59,Bengaluru,6,26,Monsoon,1,2.46,4.55,28.31,28.67
2024-07-01,27.6,20.5,9.0,12.97,77.59,Bengaluru,7,27,Monsoon,1,3.16,3.91,28.0,28.51
2024-07-02,29.4,20.1,0.1,12.97,77.59,Bengaluru,7,27,Monsoon,1,2.94,3.57,28.29,28.46
2024-07-03,29.3,20.0,10.4,12.97,77.59,Bengaluru,7,27,Monsoon,1,4.11,3.9,28.47,28.49
2024-07-04,26.8,20.0,3.8,12.97,77.59,Bengaluru,7,27,Monsoon,1,3.79,3.79,28.63,28.41
2024-07-05,29.8,20.2,6.9,12.97,77.59,Bengaluru,7,27,Monsoon,1,4.66,3.33,28.73,28.48
2024-07-06,26.6,20.0,5.9,12.97,77.59,Bengaluru,7,27,Monsoon,1,5.36,3.24,28.27,28.43
2024-07-07,28.7,20.1,1.0,12.97,77.59,Bengaluru,7,27,Monsoon,1,5.3,3.04,28.31,28.48
2024-07-08,27.9,20.4,5.6,12.97,77.59,Bengaluru,7,28,Monsoon,1,4.81,3.16,28.36,28.45
2024-07-09,28.7,19.7,2.9,12.97,77.59,Bengaluru,7,28,Monsoon,1,5.21,3.15,28.26,28.51
2024-07-10,29.3,19.4,1.5,12.97,77.59,Bengaluru,7,28,Monsoon,1,3.94,3.12,28.26,28.56
2024-07-11,26.9,20.2,3.7,12.97,77.59,Bengaluru,7,28,Monsoon,1,3.93,3.23,28.27,28.5
2024-07-12,29.2,19.7,17.4,12.97,77.59,Bengaluru,7,28,Monsoon,1,5.43,3.58,28.19,28.55
2024-07-13,25.8,20.5,1.2,12.97,77.59,Bengaluru,7,28,Monsoon,1,4.76,3.51,28.07,28.45
2024-07-14,26.5,20.6,1.5,12.97,77.59,Bengaluru,7,28,Monsoon,1,4.83,3.56,27.76,28.38
2024-07-15,26.4,20.3,16.8,12.97,77.59,Bengaluru,7,29,Monsoon,1,6.43,4.12,27.54,28.27
2024-07-16,24.4,20.3,16.2,12.97,77.59,Bengaluru,7,29,Monsoon,1,8.33,4.63,26.93,28.1
2024-07-17,25.8,20.0,5.2,12.97,77.59,Bengaluru,7,29,Monsoon,1,8.86,4.78,26.43,27.97
2024-07-18,26.0,20.5,9.3,12.97,77.59,Bengaluru,7,29,Monsoon,1,9.66,4.95,26.3,27.86
2024-07-19,22.3,20.2,14.5,12.97,77.59,Bengaluru,7,29,Monsoon,1,9.24,5.25,25.31,27.63
2024-07-20,25.2,19.8,2.8,12.97,77.59,Bengaluru,7,29,Monsoon,1,9.47,5.32,25.23,27.53
2024-07-21,27.2,20.5,1.1,12.97,77.59,Bengaluru,7,29,Monsoon,1,9.41,5.25,25.33,27.48
2024-07-22,27.7,20.5,1.4,12.97,77.59,Bengaluru,7,30,Monsoon,1,7.21,5.23,25.51,27.47
2024-07-23,27.2,20.9,2.2,12.97,77.59,Bengaluru,7,30,Monsoon,1,5.21,5.25,25.91,27.43
2024-07-24,27.2,20.6,1.5,12.97,77.59,Bengaluru,7,30,Monsoon,1,4.69,5.17,26.11,27.34
2024-07-25,26.9,20.6,2.3,12.97,77.59,Bengaluru,7,30,Monsoon,1,3.69,5.19,26.24,27.33
2024-07-26,26.8,21.0,2.2,12.97,77.59,Bengaluru,7,30,Monsoon,1,1.93,5.19,26.89,27.29
2024-07-27,27.4,20.8,0.6,12.97,77.59,Bengaluru,7,30,Monsoon,1,1.61,5.01,27.2,27.34
2024-07-28,27.3,20.3,0.2,12.97,77.59,Bengaluru,7,30,Monsoon,1,1.49,4.99,27.21,27.28
2024-07-29,28.4,20.6,3.7,12.97,77.59,Bengaluru,7,31,Monsoon,1,1.81,5.08,27.31,27.24
2024-07-30,22.8,20.3,11.7,12.97,77.59,Bengaluru,7,31,Monsoon,1,3.17,5.42,26.69,27.05
2024-07-31,26.3,20.1,10.6,12.97,77.59,Bengaluru,7,31,Monsoon,1,4.47,5.47,26.56,27.01
2024-08-01,27.9,20.3,3.4,12.97,77.59,Bengaluru,8,31,Monsoon,1,4.63,5.58,26.7,26.96
2024-08-02,26.8,20.3,4.3,12.97,77.59,Bengaluru,8,31,Monsoon,1,4.93,5.38,26.7,26.87
2024-08-03,27.4,19.5,7.6,12.97,77.59,Bengaluru,8,31,Monsoon,1,5.93,5.51,26.7,26.89
2024-08-04,28.2,19.8,2.0,12.97,77.59,Bengaluru,8,31,Monsoon,1,6.19,5.34,26.83,26.84
2024-08-05,27.7,19.1,1.2,12.97,77.59,Bengaluru,8,32,Monsoon,1,5.83,5.19,26.73,26.88
2024-08-06,25.4,20.1,8.6,12.97,77.59,Bengaluru,8,32,Monsoon,1,5.39,5.44,27.1,26.77
2024-08-07,25.0,20.3,5.2,12.97,77.59,Bengaluru,8,32,Monsoon,1,4.61,5.43,26.91,26.67
2024-08-08,27.1,19.5,16.1,12.97,77.59,Bengaluru,8,32,Monsoon,1,6.43,5.87,26.8,26.62
2024-08-09,28.0,19.7,12.4,12.97,77.59,Bengaluru,8,32,Monsoon,1,7.59,6.23,26.97,26.57
2024-08-10,26.6,20.3,19.2,12.97,77.59,Bengaluru,8,32,Monsoon,1,9.24,6.75,26.86,26.56
2024-08-11,27.9,20.2,3.0,12.97,77.59,Bengaluru,8,32,Monsoon,1,9.39,6.27,26.81,26.52
2024-08-12,28.9,20.3,2.4,12.97,77.59,Bengaluru,8,33,Monsoon,1,9.56,6.31,26.99,26.62
2024-08-13,28.7,20.3,12.7,12.97,77.59,Bengaluru,8,33,Monsoon,1,10.14,6.68,27.46,26.7
2024-08-14,28.5,20.3,1.5,12.97,77.59,Bengaluru,8,33,Monsoon,1,9.61,6.17,27.96,26.77
2024-08-15,28.8,21.7,2.0,12.97,77.59,Bengaluru,8,33,Monsoon,1,7.6,5.7,28.2,26.91
2024-08-16,28.7,20.5,13.3,12.97,77.59,Bengaluru,8,33,Monsoon,1,7.73,5.97,28.3,27.01
2024-08-17,28.9,19.5,3.7,12.97,77.59,Bengaluru,8,33,Monsoon,1,5.51,5.78,28.63,27.11
2024-08-18,29.0,19.2,0.1,12.97,77.59,Bengaluru,8,33,Monsoon,1,5.1,5.3,28.79,27.33
2024-08-19,28.0,20.7,17.4,12.97,77.59,Bengaluru,8,34,Monsoon,1,7.24,5.79,28.66,27.42
2024-08-20,28.7,19.9,19.7,12.97,77.59,Bengaluru,8,34,Monsoon,1,8.24,6.41,28.66,27.47
2024-08-21,27.4,20.6,1.2,12.97,77.59,Bengaluru,8,34,Monsoon,1,8.2,6.4,28.5,27.46
2024-08-22,27.4,19.6,0.4,12.97,77.59,Bengaluru,8,34,Monsoon,1,7.97,6.34,28.3,27.47
2024-08-23,27.4,19.1,0.1,12.97,77.59,Bengaluru,8,34,Monsoon,1,6.09,6.29,28.11,27.48
2024-08-24,27.3,19.6,3.8,12.97,77.59,Bengaluru,8,34,Monsoon,1,6.1,6.34,27.89,27.49
2024-08-25,27.1,19.8,0.9,12.97,77.59,Bengaluru,8,34,Monsoon,1,6.21,6.3,27.61,27.5
2024-08-26,28.2,19.4,1.2,12.97,77.59,Bengaluru,8,35,Monsoon,1,3.9,6.32,27.64,27.53
2024-08-27,26.7,19.8,1.7,12.97,77.59,Bengaluru,8,35,Monsoon,1,1.33,6.37,27.36,27.51
2024-08-28,26.7,19.7,1.4,12.97,77.59,Bengaluru,8,35,Monsoon,1,1.36,6.29,27.26,27.45
2024-08-29,27.2,19.4,9.4,12.97,77.59,Bengaluru,8,35,Monsoon,1,2.64,6.22,27.23,27.6
2024-08-30,25.9,19.8,3.9,12.97,77.59,Bengaluru,8,35,Monsoon,1,3.19,5.99,27.01,27.58
2024-08-31,23.8,19.7,4.6,12.97,77.59,Bengaluru,8,35,Monsoon,1,3.3,6.03,26.51,27.45
2024-09-01,27.0,20.2,5.3,12.97,77.59,Bengaluru,9,35,Monsoon,1,3.93,6.07,26.5,27.45
2024-09-02,27.5,20.4,4.1,12.97,77.59,Bengaluru,9,36,Monsoon,1,4.34,5.95,26.4,27.46
2024-09-03,27.7,20.0,1.4,12.97,77.59,Bengaluru,9,36,Monsoon,1,4.3,5.93,26.54,27.44
2024-09-04,27.8,19.8,0.5,12.97,77.59,Bengaluru,9,36,Monsoon,1,4.17,5.91,26.7,27.44
2024-09-05,27.8,19.9,0.5,12.97,77.59,Bengaluru,9,36,Monsoon,1,2.9,5.64,26.79,27.52
2024-09-06,27.1,19.8,1.6,12.97,77.59,Bengaluru,9,36,Monsoon,1,2.57,5.52,26.96,27.59
2024-09-07,27.6,19.7,11.9,12.97,77.59,Bengaluru,9,36,Monsoon,1,3.61,5.38,27.5,27.61
2024-09-08,25.7,20.2,2.6,12.97,77.59,Bengaluru,9,36,Monsoon,1,3.23,5.05,27.31,27.53
2024-09-09,28.4,20.2,6.0,12.97,77.59,Bengaluru,9,37,Monsoon,1,3.5,4.61,27.44,27.59
2024-09-10,28.4,19.8,1.9,12.97,77.59,Bengaluru,9,37,Monsoon,1,3.57,4.57,27.54,27.61
2024-09-11,28.8,19.5,0.7,12.97,77.59,Bengaluru,9,37,Monsoon,1,3.6,4.52,27.69,27.61
2024-09-12,29.1,19.5,0.7,12.97,77.59,Bengaluru,9,37,Monsoon,1,3.63,4.12,27.87,27.62
2024-09-13,28.5,18.5,0.0,12.97,77.59,Bengaluru,9,37,Monsoon,1,3.4,4.07,28.07,27.62
2024-09-14,28.4,18.8,0.9,12.97,77.59,Bengaluru,9,37,Monsoon,1,1.83,4.03,28.19,27.61
2024-09-15,28.5,18.4,0.6,12.97,77.59,Bengaluru,9,37,Monsoon,1,1.54,3.61,28.59,27.6
2024-09-16,28.4,17.6,0.7,12.97,77.59,Bengaluru,9,38,Monsoon,1,0.79,3.51,28.59,27.58
2024-09-17,28.3,18.6,0.4,12.97,77.59,Bengaluru,9,38,Monsoon,1,0.57,3.52,28.57,27.56
2024-09-18,28.4,17.9,0.0,12.97,77.59,Bengaluru,9,38,Monsoon,1,0.47,2.94,28.51,27.57
2024-09-19,28.9,17.4,0.6,12.97,77.59,Bengaluru,9,38,Monsoon,1,0.46,2.3,28.49,27.58
2024-09-20,28.9,19.6,0.1,12.97,77.59,Bengaluru,9,38,Monsoon,1,0.47,2.26,28.54,27.63
2024-09-21,29.3,19.1,0.1,12.97,77.59,Bengaluru,9,38,Monsoon,1,0.36,2.25,28.67,27.69
2024-09-22,29.1,19.5,1.4,12.97,77.59,Bengaluru,9,38,Monsoon,1,0.47,2.3,28.76,27.75
2024-09-23,29.4,20.1,5.3,12.97,77.59,Bengaluru,9,39,Monsoon,1,1.13,2.35,28.9,27.82
2024-09-24,28.6,20.6,4.4,12.97,77.59,Bengaluru,9,39,Monsoon,1,1.7,2.46,28.94,27.87
2024-09-25,28.8,20.4,2.5,12.97,77.59,Bengaluru,9,39,Monsoon,1,2.06,2.51,29.0,27.89
2024-09-26,28.8,19.6,0.6,12.97,77.59,Bengaluru,9,39,Monsoon,1,2.06,2.47,28.99,27.96
2024-09-27,28.8,19.4,1.5,12.97,77.59,Bengaluru,9,39,Monsoon,1,2.26,2.47,28.97,28.03
2024-09-28,28.5,19.7,3.0,12.97,77.59,Bengaluru,9,39,Monsoon,1,2.67,2.26,28.86,28.07
2024-09-29,28.5,20.3,5.5,12.97,77.59,Bengaluru,9,39,Monsoon,1,3.26,2.31,28.77,28.16
2024-09-30,30.2,20.5,0.1,12.97,77.59,Bengaluru,9,40,Monsoon,1,2.51,2.16,28.89,28.37
2024-10-01,30.6,19.8,0.4,12.97,77.59,Bengaluru,10,40,Post-Monsoon,0,1.94,2.0,29.17,28.49
2024-10-02,29.9,20.4,9.8,12.97,77.59,Bengaluru,10,40,Post-Monsoon,0,2.99,2.19,29.33,28.57
2024-10-03,28.4,20.0,4.2,12.97,77.59,Bengaluru,10,40,Post-Monsoon,0,3.5,2.28,29.27,28.6
2024-10-04,28.6,19.9,7.2,12.97,77.59,Bengaluru,10,40,Post-Monsoon,0,4.31,2.51,29.24,28.62
2024-10-05,26.9,20.1,11.3,12.97,77.59,Bengaluru,10,40,Post-Monsoon,0,5.5,2.87,29.01,28.59
2024-10-06,27.4,19.6,0.5,12.97,77.59,Bengaluru,10,40,Post-Monsoon,0,4.79,2.83,28.86,28.6
2024-10-07,28.9,19.2,0.9,12.97,77.59,Bengaluru,10,41,Post-Monsoon,0,4.9,2.46,28.67,28.65
2024-10-08,27.9,20.0,10.7,12.97,77.59,Bengaluru,10,41,Post-Monsoon,0,6.37,2.73,28.29,28.72
2024-10-09,28.1,20.3,5.2,12.97,77.59,Bengaluru,10,41,Post-Monsoon,0,5.71,2.71,28.03,28.71
2024-10-10,27.6,19.9,6.5,12.97,77.59,Bengaluru,10,41,Post-Monsoon,0,6.04,2.86,27.91,28.68
2024-10-11,27.9,19.9,4.9,12.97,77.59,Bengaluru,10,41,Post-Monsoon,0,5.71,3.0,27.81,28.65
2024-10-12,28.1,20.3,7.2,12.97,77.59,Bengaluru,10,41,Post-Monsoon,0,5.13,3.22,27.99,28.62
2024-10-13,27.9,20.4,1.8,12.97,77.59,Bengaluru,10,41,Post-Monsoon,0,5.31,3.28,28.06,28.6
2024-10-14,23.4,19.3,14.4,12.97,77.59,Bengaluru,10,42,Post-Monsoon,0,7.24,3.73,27.27,28.43
2024-10-15,23.2,19.8,31.5,12.97,77.59,Bengaluru,10,42,Post-Monsoon,0,10.21,4.76,26.6,28.26
2024-10-16,22.9,19.3,13.3,12.97,77.59,Bengaluru,10,42,Post-Monsoon,0,11.37,5.18,25.86,28.07
2024-10-17,27.0,19.8,0.8,12.97,77.59,Bengaluru,10,42,Post-Monsoon,0,10.56,5.19,25.77,28.03
2024-10-18,27.6,19.6,8.4,12.97,77.59,Bengaluru,10,42,Post-Monsoon,0,11.06,5.47,25.73,28.0
2024-10-19,24.7,18.9,8.5,12.97,77.59,Bengaluru,10,42,Post-Monsoon,0,11.24,5.73,25.24,27.86
2024-10-20,26.4,19.4,21.1,12.97,77.59,Bengaluru,10,42,Post-Monsoon,0,14.0,6.43,25.03,27.78
2024-10-21,26.8,19.7,17.8,12.97,77.59,Bengaluru,10,43,Post-Monsoon,0,14.49,7.02,25.51,27.7
2024-10-22,27.6,18.4,27.3,12.97,77.59,Bengaluru,10,43,Post-Monsoon,0,13.89,7.89,26.14,27.65
2024-10-23,27.6,19.2,20.1,12.97,77.59,Bengaluru,10,43,Post-Monsoon,0,14.86,8.38,26.81,27.59
2024-10-24,26.2,19.1,1.1,12.97,77.59,Bengaluru,10,43,Post-Monsoon,0,14.9,8.27,26.7,27.51
2024-10-25,27.0,17.4,0.0,12.97,77.59,Bengaluru,10,43,Post-Monsoon,0,13.7,8.19,26.61,27.45
2024-10-26,26.7,17.1,0.0,12.97,77.59,Bengaluru,10,43,Post-Monsoon,0,12.49,8.17,26.9,27.38
2024-10-27,26.7,15.5,0.0,12.97,77.59,Bengaluru,10,43,Post-Monsoon,0,9.47,8.12,26.94,27.31
2024-10-28,27.2,16.5,0.0,12.97,77.59,Bengaluru,10,44,Post-Monsoon,0,6.93,8.02,27.0,27.26
2024-10-29,27.7,17.5,0.4,12.97,77.59,Bengaluru,10,44,Post-Monsoon,0,3.09,7.85,27.01,27.24
2024-10-30,27.3,17.8,1.1,12.97,77.59,Bengaluru,10,44,Post-Monsoon,0,0.37,7.88,26.97,27.14
2024-10-31,27.8,18.4,4.0,12.97,77.59,Bengaluru,10,44,Post-Monsoon,0,0.79,8.0,27.2,27.05
2024-11-01,26.9,19.8,8.2,12.97,77.59,Bengaluru,11,44,Post-Monsoon,0,1.96,7.95,27.19,26.95
2024-11-02,27.7,18.8,1.2,12.97,77.59,Bengaluru,11,44,Post-Monsoon,0,2.13,7.85,27.33,26.92
2024-11-03,27.7,19.5,0.7,12.97,77.59,Bengaluru,11,44,Post-Monsoon,0,2.23,7.63,27.47,26.89
2024-11-04,27.1,19.6,1.0,12.97,77.59,Bengaluru,11,45,Post-Monsoon,0,2.37,7.29,27.46,26.9
2024-11-05,27.1,17.2,0.0,12.97,77.59,Bengaluru,11,45,Post-Monsoon,0,2.31,7.27,27.37,26.89
2024-11-06,27.8,16.3,0.1,12.97,77.59,Bengaluru,11,45,Post-Monsoon,0,2.17,7.24,27.44,26.85
2024-11-07,27.4,19.1,1.3,12.97,77.59,Bengaluru,11,45,Post-Monsoon,0,1.79,6.93,27.39,26.84
2024-11-08,29.0,18.3,0.0,12.97,77.59,Bengaluru,11,45,Post-Monsoon,0,0.61,6.76,27.69,26.87
2024-11-09,27.8,18.1,0.0,12.97,77.59,Bengaluru,11,45,Post-Monsoon,0,0.44,6.54,27.7,26.87
2024-11-10,27.0,17.5,0.4,12.97,77.59,Bengaluru,11,45,Post-Monsoon,0,0.4,6.39,27.6,26.84
2024-11-11,27.8,17.3,0.0,12.97,77.59,Bengaluru,11,46,Post-Monsoon,0,0.26,6.15,27.7,26.83
2024-11-12,27.0,19.0,0.9,12.97,77.59,Bengaluru,11,46,Post-Monsoon,0,0.39,6.12,27.69,26.8
2024-11-13,27.0,19.9,9.9,12.97,77.59,Bengaluru,11,46,Post-Monsoon,0,1.79,5.97,27.57,26.92
2024-11-14,25.7,19.9,6.0,12.97,77.59,Bengaluru,11,46,Post-Monsoon,0,2.46,5.12,27.33,27.01
2024-11-15,27.0,19.9,10.0,12.97,77.59,Bengaluru,11,46,Post-Monsoon,0,3.89,5.01,27.04,27.14
2024-11-16,26.3,19.6,3.4,12.97,77.59,Bengaluru,11,46,Post-Monsoon,0,4.37,5.1,26.83,27.12
2024-11-17,27.4,19.8,0.5,12.97,77.59,Bengaluru,11,46,Post-Monsoon,0,4.39,4.83,26.89,27.11
2024-11-18,26.9,19.0,0.1,12.97,77.59,Bengaluru,11,47,Post-Monsoon,0,4.4,4.55,26.76,27.19
2024-11-19,27.3,18.6,0.0,12.97,77.59,Bengaluru,11,47,Post-Monsoon,0,4.27,3.85,26.8,27.22
2024-11-20,28.1,17.6,0.0,12.97,77.59,Bengaluru,11,47,Post-Monsoon,0,2.86,3.26,26.96,27.26
2024-11-21,27.5,17.2,0.0,12.97,77.59,Bengaluru,11,47,Post-Monsoon,0,2.0,2.35,27.21,27.26
2024-11-22,27.9,16.4,0.0,12.97,77.59,Bengaluru,11,47,Post-Monsoon,0,0.57,1.68,27.34,27.27
2024-11-23,28.7,16.7,0.0,12.97,77.59,Bengaluru,11,47,Post-Monsoon,0,0.09,1.64,27.69,27.35
2024-11-24,29.2,17.3,0.0,12.97,77.59,Bengaluru,11,47,Post-Monsoon,0,0.01,1.64,27.94,27.42
2024-11-25,27.8,17.2,0.0,12.97,77.59,Bengaluru,11,48,Post-Monsoon,0,0.0,1.64,28.07,27.46
2024-11-26,26.2,18.1,0.0,12.97,77.59,Bengaluru,11,48,Post-Monsoon,0,0.0,1.64,27.91,27.44
2024-11-27,26.4,18.9,0.0,12.97,77.59,Bengaluru,11,48,Post-Monsoon,0,0.0,1.64,27.67,27.42
2024-11-28,26.9,17.6,0.0,12.97,77.59,Bengaluru,11,48,Post-Monsoon,0,0.0,1.63,27.59,27.39
2024-11-29,25.4,18.2,0.8,12.97,77.59,Bengaluru,11,48,Post-Monsoon,0,0.11,1.62,27.23,27.33
2024-11-30,23.6,19.1,0.3,12.97,77.59,Bengaluru,11,48,Post-Monsoon,0,0.16,1.49,26.5,27.19
2024-12-01,24.5,19.9,8.0,12.97,77.59,Bengaluru,12,48,Winter,0,1.3,1.49,25.83,27.11
2024-12-02,23.3,20.4,35.0,12.97,77.59,Bengaluru,12,49,Winter,0,6.3,2.61,25.19,26.96
2024-12-03,26.1,20.0,4.7,12.97,77.59,Bengaluru,12,49,Winter,0,6.97,2.75,25.17,26.91
2024-12-04,25.9,18.8,0.0,12.97,77.59,Bengaluru,12,49,Winter,0,6.97,2.71,25.1,26.87
2024-12-05,26.2,19.9,0.8,12.97,77.59,Bengaluru,12,49,Winter,0,7.09,2.74,25.0,26.84
2024-12-06,26.7,19.5,0.0,12.97,77.59,Bengaluru,12,49,Winter,0,6.97,2.74,25.19,26.8
2024-12-07,27.0,19.3,0.6,12.97,77.59,Bengaluru,12,49,Winter,0,7.01,2.71,25.67,26.79
2024-12-08,26.8,18.5,0.0,12.97,77.59,Bengaluru,12,49,Winter,0,5.87,2.71,26.0,26.71
2024-12-09,27.5,18.4,0.1,12.97,77.59,Bengaluru,12,50,Winter,0,0.89,2.72,26.6,26.7
2024-12-10,27.9,18.6,0.0,12.97,77.59,Bengaluru,12,50,Winter,0,0.21,2.7,26.86,26.73
2024-12-11,26.4,18.3,0.0,12.97,77.59,Bengaluru,12,50,Winter,0,0.21,2.7,26.93,26.69
2024-12-12,22.0,19.0,21.2,12.97,77.59,Bengaluru,12,50,Winter,0,3.13,3.38,26.33,26.52
2024-12-13,24.4,19.7,1.3,12.97,77.59,Bengaluru,12,50,Winter,0,3.31,3.09,26.0,26.43
2024-12-14,26.1,17.6,0.0,12.97,77.59,Bengaluru,12,50,Winter,0,3.23,2.89,25.87,26.45
2024-12-15,24.3,15.0,0.0,12.97,77.59,Bengaluru,12,50,Winter,0,3.23,2.56,25.51,26.36
2024-12-16,24.9,15.1,0.0,12.97,77.59,Bengaluru,12,51,Winter,0,3.21,2.45,25.14,26.31
2024-12-17,27.1,14.5,0.0,12.97,77.59,Bengaluru,12,51,Winter,0,3.21,2.43,25.03,26.3
2024-12-18,25.9,17.1,0.3,12.97,77.59,Bengaluru,12,51,Winter,0,3.26,2.44,24.96,26.27
2024-12-19,28.1,19.1,0.3,12.97,77.59,Bengaluru,12,51,Winter,0,0.27,2.45,25.83,26.29
2024-12-20,27.9,18.8,0.1,12.97,77.59,Bengaluru,12,51,Winter,0,0.1,2.45,26.33,26.29
2024-12-21,29.1,18.0,0.0,12.97,77.59,Bengaluru,12,51,Winter,0,0.1,2.45,26.76,26.34
2024-12-22,28.1,17.9,0.0,12.97,77.59,Bengaluru,12,51,Winter,0,0.1,2.45,27.3,26.35
2024-12-23,27.0,18.4,0.0,12.97,77.59,Bengaluru,12,52,Winter,0,0.1,2.45,27.6,26.29
2024-12-24,27.2,17.6,0.0,12.97,77.59,Bengaluru,12,52,Winter,0,0.1,2.45,27.61,26.22
2024-12-25,27.9,17.3,0.0,12.97,77.59,Bengaluru,12,52,Winter,0,0.06,2.45,27.9,26.23
2024-12-26,26.2,18.5,3.6,12.97,77.59,Bengaluru,12,52,Winter,0,0.53,2.57,27.63,26.23
2024-12-27,25.4,18.5,1.7,12.97,77.59,Bengaluru,12,52,Winter,0,0.76,2.63,27.27,26.19
2024-12-28,26.2,17.5,0.0,12.97,77.59,Bengaluru,12,52,Winter,0,0.76,2.63,26.86,26.17
2024-12-29,26.9,16.9,0.0,12.97,77.59,Bengaluru,12,52,Winter,0,0.76,2.6,26.69,26.22
2024-12-30,25.7,16.7,0.0,12.97,77.59,Bengaluru,12,1,Winter,0,0.76,2.59,26.5,26.29
2024-12-31,27.5,17.0,0.0,12.97,77.59,Bengaluru,12,1,Winter,0,0.76,2.32,26.54,26.39
2025-01-01,26.6,16.0,0.0,12.97,77.59,Bengaluru,1,1,Winter,0,0.76,1.16,26.36,26.5
2025-01-02,26.4,16.2,0.0,12.97,77.59,Bengaluru,1,1,Winter,0,0.24,1.0,26.39,26.51
2025-01-03,25.9,16.4,0.0,12.97,77.59,Bengaluru,1,1,Winter,0,0.0,1.0,26.46,26.51
2025-01-04,25.8,14.2,0.0,12.97,77.59,Bengaluru,1,1,Winter,0,0.0,0.97,26.4,26.5
2025-01-05,26.5,14.9,0.0,12.97,77.59,Bengaluru,1,1,Winter,0,0.0,0.97,26.34,26.49
2025-01-06,26.2,15.8,0.0,12.97,77.59,Bengaluru,1,2,Winter,0,0.0,0.95,26.41,26.46
2025-01-07,27.3,15.3,0.0,12.97,77.59,Bengaluru,1,2,Winter,0,0.0,0.95,26.39,26.48
2025-01-08,27.1,16.4,0.0,12.97,77.59,Bengaluru,1,2,Winter,0,0.0,0.95,26.46,26.47
2025-01-09,25.9,14.6,0.0,12.97,77.59,Bengaluru,1,2,Winter,0,0.0,0.95,26.39,26.4
2025-01-10,26.9,16.0,0.0,12.97,77.59,Bengaluru,1,2,Winter,0,0.0,0.95,26.53,26.42
2025-01-11,27.7,17.7,0.0,12.97,77.59,Bengaluru,1,2,Winter,0,0.0,0.24,26.8,26.61
2025-01-12,28.7,17.2,0.0,12.97,77.59,Bengaluru,1,2,Winter,0,0.0,0.2,27.11,26.75
2025-01-13,28.2,19.0,0.8,12.97,77.59,Bengaluru,1,3,Winter,0,0.11,0.23,27.4,26.82
2025-01-14,27.5,18.6,0.1,12.97,77.59,Bengaluru,1,3,Winter,0,0.13,0.23,27.43,26.93
2025-01-15,25.5,16.8,0.2,12.97,77.59,Bengaluru,1,3,Winter,0,0.16,0.24,27.2,26.95
2025-01-16,26.7,16.1,0.0,12.97,77.59,Bengaluru,1,3,Winter,0,0.16,0.24,27.31,26.93
2025-01-17,26.7,16.2,0.0,12.97,77.59,Bengaluru,1,3,Winter,0,0.16,0.23,27.29,26.96
2025-01-18,27.3,15.8,0.0,12.97,77.59,Bengaluru,1,3,Winter,0,0.16,0.22,27.23,26.93
2025-01-19,22.9,18.3,6.0,12.97,77.59,Bengaluru,1,3,Winter,0,1.01,0.41,26.4,26.77
2025-01-20,27.3,17.9,0.0,12.97,77.59,Bengaluru,1,4,Winter,0,0.9,0.41,26.27,26.71
2025-01-21,27.8,15.7,0.0,12.97,77.59,Bengaluru,1,4,Winter,0,0.89,0.41,26.31,26.7
2025-01-22,28.6,15.4,0.0,12.97,77.59,Bengaluru,1,4,Winter,0,0.86,0.41,26.76,26.75
2025-01-23,29.7,16.7,0.0,12.97,77.59,Bengaluru,1,4,Winter,0,0.86,0.41,27.19,26.83
2025-01-24,27.7,16.3,0.0,12.97,77.59,Bengaluru,1,4,Winter,0,0.86,0.41,27.33,26.83
2025-01-25,29.0,14.9,0.0,12.97,77.59,Bengaluru,1,4,Winter,0,0.86,0.29,27.57,26.92
2025-01-26,29.1,15.1,0.0,12.97,77.59,Bengaluru,1,4,Winter,0,0.0,0.24,28.46,27.04
2025-01-27,28.2,15.0,0.0,12.97,77.59,Bengaluru,1,5,Winter,0,0.0,0.24,28.59,27.11
